controllers.TD.ntuple2.TDNTuple2Agt: USESYMMETRY:true, NORMALIZE:false, sigmoid:tanh, lambda:0.5, horizon:7, AFTERSTATE:false, learnFromRM: false
controllers.TD.ntuple2.TDNTuple2Agt: alpha_init->final:5.0->5.0, epsilon_init->final:0.1->0.1, gamma: 1.0, MODE_3P: 2
run, gameNum, evalQ, evalT, actionNum, trnMoves
0, 10000, -1.0, -0.95, 181147, 201195
0, 20000, -0.5, -1.0, 395611, 439444
0, 30000, 0.0, -0.25000000000000006, 612598, 680780
0, 40000, -0.375, -0.95, 846552, 940945
0, 50000, -0.0625, -0.95, 1091238, 1212761
0, 60000, -0.125, -0.9, 1336691, 1485311
0, 70000, -0.0625, -0.9, 1582285, 1758342
0, 80000, -0.4375, -0.9, 1834390, 2038440
0, 90000, -0.0625, -0.95, 2083211, 2314992
0, 100000, 0.0625, -0.75, 2332788, 2592726
0, 110000, -0.375, 0.15000000000000002, 2588645, 2876872
0, 120000, 0.1875, 0.0, 2848640, 3165686
0, 130000, 0.0, -0.09999999999999998, 3103812, 3449291
0, 140000, -0.1875, 0.49999999999999994, 3348696, 3721692
0, 150000, 0.375, -1.0, 3609291, 4010867
0, 160000, 0.0625, -0.85, 3858774, 4288539
0, 170000, 0.1875, 0.30000000000000004, 4108495, 4566067
0, 180000, 0.0, -1.0, 4362839, 4848851
0, 190000, 0.25, -0.95, 4623555, 5138714
0, 200000, 0.4375, 0.8, 4893691, 5439080
0, 210000, 0.25, -1.0, 5162401, 5737941
0, 220000, 0.1875, -0.55, 5429059, 6034427
0, 230000, 0.375, -0.55, 5699374, 6334900
0, 240000, 0.375, -0.35, 5956666, 6620856
0, 250000, 0.25, 0.10000000000000003, 6224365, 6918501
0, 260000, 0.4375, 0.0, 6491282, 7215524
0, 270000, 0.4375, 0.55, 6761214, 7515366
0, 280000, 0.625, 0.4, 7028948, 7812959
0, 290000, 0.5, 0.35, 7306732, 8121331
0, 300000, 0.25, -0.9, 7575848, 8420467
0, 310000, 0.5, -0.7, 7839651, 8713577
0, 320000, 0.75, 0.3, 8104646, 9007934
0, 330000, 0.125, 0.25, 8366533, 9298767
0, 340000, 0.25, 0.8, 8634623, 9596589
0, 350000, 0.5625, 0.55, 8893144, 9883940
0, 360000, -0.125, 0.7999999999999999, 9146687, 10165979
0, 370000, 0.5625, 0.8999999999999999, 9398312, 10445376
0, 380000, 0.75, 0.85, 9647407, 10722033
0, 390000, 0.0625, 0.6000000000000001, 9902772, 11005934
0, 400000, 0.3125, 0.8999999999999999, 10153093, 11284523
0, 410000, 0.625, 0.8999999999999999, 10403148, 11562518
0, 420000, 0.5, 1.0, 10660224, 11848148
0, 430000, 0.625, 0.8999999999999999, 10908639, 12124301
0, 440000, 0.5625, 0.19999999999999996, 11159683, 12403651
0, 450000, 0.8125, 0.10000000000000003, 11423531, 12696874
0, 460000, 0.5625, -0.55, 11685423, 12988042
0, 470000, 0.5, 0.8, 11951630, 13283604
0, 480000, 0.25, 1.0, 12204287, 13564065
0, 490000, 0.4375, 0.85, 12456268, 13844085
0, 500000, 0.375, 1.0, 12703062, 14118057
1, 10000, -0.625, -1.0, 183380, 203993
1, 20000, -0.5, -0.95, 399523, 444429
1, 30000, -0.375, -1.0, 625341, 695477
1, 40000, -0.125, -0.75, 854768, 950359
1, 50000, 0.0, -0.95, 1095553, 1218048
1, 60000, 0.25, 0.19999999999999996, 1336058, 1485463
1, 70000, -0.375, -0.75, 1578856, 1755590
1, 80000, 0.125, -0.85, 1820576, 2024202
1, 90000, 0.1875, -0.9, 2057543, 2287400
1, 100000, -0.0625, -0.6, 2305898, 2563055
1, 110000, -0.1875, -0.95, 2559620, 2844963
1, 120000, -0.25, 0.5, 2817819, 3131905
1, 130000, 0.5, -1.0, 3068819, 3410428
1, 140000, 0.375, -0.7, 3323763, 3693642
1, 150000, 0.25, -0.7, 3572307, 3969731
1, 160000, 0.375, 0.10000000000000003, 3828319, 4254140
1, 170000, 0.125, 0.65, 4079627, 4533492
1, 180000, 0.25, 0.6000000000000001, 4337212, 4819565
1, 190000, 0.75, 0.10000000000000003, 4598764, 5110330
1, 200000, 0.625, 0.30000000000000004, 4848906, 5388368
1, 210000, 0.375, 0.19999999999999996, 5098904, 5666210
1, 220000, 0.5625, 0.30000000000000004, 5360439, 5956890
1, 230000, 0.5625, 0.30000000000000004, 5623266, 6248735
1, 240000, 0.625, 0.04999999999999999, 5888128, 6542994
1, 250000, 0.625, -0.39999999999999997, 6149648, 6833487
1, 260000, 0.375, 0.65, 6409097, 7121853
1, 270000, 0.75, 0.5499999999999999, 6671887, 7414118
1, 280000, 0.375, 0.050000000000000044, 6931851, 7703231
1, 290000, 0.3125, 0.19999999999999996, 7197959, 7999196
1, 300000, 0.0625, 0.85, 7465848, 8296776
1, 310000, 0.625, 0.55, 7732740, 8593424
1, 320000, 0.5, 0.25, 7998497, 8888890
1, 330000, 0.75, 0.30000000000000004, 8268655, 9189096
1, 340000, 0.8125, 0.8, 8529009, 9478412
1, 350000, 0.4375, 0.45, 8789119, 9767638
1, 360000, 0.3125, 1.0, 9049038, 10056408
1, 370000, 0.75, 1.0, 9292002, 10326059
1, 380000, 0.25, 0.95, 9543453, 10605295
1, 390000, 0.375, 0.95, 9791401, 10881231
1, 400000, 0.3125, 0.8999999999999999, 10039605, 11157045
1, 410000, 0.75, 1.0, 10285539, 11430080
1, 420000, 0.625, 0.8999999999999999, 10534699, 11706892
1, 430000, 0.625, 0.8, 10789866, 11990334
1, 440000, 0.4375, 1.0, 11045845, 12274659
1, 450000, 0.8125, 1.0, 11285515, 12541226
1, 460000, 0.75, 1.0, 11541775, 12825940
1, 470000, 0.875, 1.0, 11800792, 13113840
1, 480000, 0.375, 0.8999999999999999, 12061328, 13403330
1, 490000, 0.625, 0.85, 12325187, 13696296
1, 500000, 0.4375, 1.0, 12585427, 13985565
2, 10000, -0.625, -0.30000000000000004, 191259, 212470
2, 20000, -0.625, -1.0, 414229, 460375
2, 30000, -0.8125, -0.95, 643856, 715366
2, 40000, -0.875, -0.9, 885721, 983967
2, 50000, -0.375, -0.7, 1121927, 1246515
2, 60000, 0.0625, -0.7, 1362583, 1513744
2, 70000, -0.0625, 0.4, 1617682, 1797087
2, 80000, -0.1875, 0.19999999999999996, 1877196, 2085500
2, 90000, -0.4375, 0.65, 2130607, 2367082
2, 100000, 0.0625, -0.44999999999999996, 2380584, 2644793
2, 110000, -0.1875, -0.8, 2629396, 2921269
2, 120000, 0.5625, 0.4, 2875045, 3194017
2, 130000, 0.1875, 0.5, 3130956, 3478260
2, 140000, 0.625, 0.44999999999999996, 3383186, 3758540
2, 150000, 0.6875, 0.65, 3638742, 4042463
2, 160000, 0.3125, -0.30000000000000004, 3901303, 4334620
2, 170000, 0.625, 0.6000000000000001, 4161911, 4624299
2, 180000, 0.625, 0.3, 4423479, 4914907
2, 190000, 0.375, 0.5499999999999999, 4693460, 5214823
2, 200000, 0.0, 0.7, 4970132, 5522142
2, 210000, 0.75, 1.0, 5236880, 5818294
2, 220000, -0.125, 0.8, 5492647, 6102186
2, 230000, -0.125, 0.7, 5746994, 6385102
2, 240000, 0.25, 0.85, 6004656, 6671492
2, 250000, 0.8125, 0.8999999999999999, 6262799, 6958048
2, 260000, 0.25, -1.0, 6528073, 7252408
2, 270000, 0.625, 0.75, 6788519, 7541398
2, 280000, 0.5, 0.8999999999999999, 7045524, 7826929
2, 290000, 0.5, 0.6, 7299819, 8109304
2, 300000, 0.375, 1.0, 7566067, 8405136
2, 310000, 0.375, 0.8999999999999999, 7827672, 8695679
2, 320000, 0.25, 0.95, 8091823, 8989021
2, 330000, 0.375, 0.8999999999999999, 8372417, 9301053
2, 340000, 0.5625, 0.85, 8645955, 9605058
2, 350000, 0.5625, 1.0, 8903433, 9891273
2, 360000, 0.375, 1.0, 9169083, 10186143
2, 370000, 0.1875, 0.8999999999999999, 9432499, 10478753
2, 380000, 0.5, 0.8999999999999999, 9694930, 10770277
2, 390000, 0.375, 0.8999999999999999, 9946134, 11049343
2, 400000, 0.5625, 0.8, 10208605, 11341006
2, 410000, 0.5, 0.8999999999999999, 10463364, 11624000
2, 420000, 0.875, 0.95, 10720377, 11909276
2, 430000, 0.625, 0.8999999999999999, 10963251, 12178878
2, 440000, 0.6875, 0.9, 11220651, 12464610
2, 450000, 0.375, 1.0, 11477343, 12750140
2, 460000, 0.125, 0.8999999999999999, 11725793, 13026262
2, 470000, 0.0625, 0.8999999999999999, 11971200, 13299036
2, 480000, 0.75, 0.8999999999999999, 12225017, 13581112
2, 490000, 0.875, 1.0, 12481277, 13866068
2, 500000, 0.0625, 1.0, 12743812, 14157350
3, 10000, -1.0, -0.6, 189995, 211341
3, 20000, -0.4375, -0.30000000000000004, 404459, 449836
3, 30000, -0.875, 0.30000000000000004, 637096, 708015
3, 40000, 0.0, -1.0, 862492, 958475
3, 50000, -0.375, -1.0, 1101313, 1224103
3, 60000, -0.125, -0.9, 1345640, 1495580
3, 70000, 0.25, 0.15000000000000002, 1594301, 1772218
3, 80000, -0.125, -0.95, 1842391, 2047786
3, 90000, -0.375, -0.95, 2093335, 2326481
3, 100000, 0.125, -0.8, 2343408, 2604473
3, 110000, 0.0625, -0.8, 2587838, 2876327
3, 120000, 0.4375, 0.5499999999999999, 2837059, 3153397
3, 130000, 0.4375, 0.8, 3085062, 3429222
3, 140000, -0.0625, -1.0, 3334124, 3706097
3, 150000, 0.0, -0.9, 3601259, 4002687
3, 160000, 0.0625, -0.75, 3869803, 4301325
3, 170000, 0.3125, -0.8, 4127015, 4586918
3, 180000, -0.3125, -0.95, 4376722, 4864570
3, 190000, -0.0625, 0.75, 4634146, 5150329
3, 200000, 0.1875, 1.0, 4892605, 5437665
3, 210000, -0.125, 0.3, 5151968, 5725786
3, 220000, 0.125, -0.9, 5407505, 6009804
3, 230000, 0.5, 0.5, 5672525, 6304134
3, 240000, 0.0, 0.5, 5938433, 6599648
3, 250000, 0.3125, -1.0, 6201451, 6891718
3, 260000, 0.25, 0.75, 6466462, 7186569
3, 270000, 0.8125, 0.55, 6724618, 7473169
3, 280000, 0.375, 0.45000000000000007, 6986134, 7764110
3, 290000, 0.5, 0.5499999999999999, 7258337, 8066578
3, 300000, 0.5625, 0.5, 7529654, 8367882
3, 310000, -0.5, -0.9, 7798973, 8667390
3, 320000, 0.625, 0.75, 8061786, 8959332
3, 330000, 0.1875, 0.6, 8320777, 9247126
3, 340000, 0.4375, 0.7999999999999999, 8588738, 9544832
3, 350000, 0.3125, 0.5, 8855053, 9840858
3, 360000, 0.4375, 0.75, 9117640, 10132688
3, 370000, 0.375, 0.6, 9379930, 10424003
3, 380000, 0.375, 0.050000000000000044, 9635658, 10708197
3, 390000, 0.5, 0.6, 9897338, 10998893
3, 400000, -0.25, -0.5, 10163443, 11294687
3, 410000, 0.5, 0.75, 10430153, 11590931
3, 420000, 0.6875, 0.95, 10688205, 11877755
3, 430000, 0.4375, 0.85, 10944091, 12162052
3, 440000, 0.5, 1.0, 11208126, 12455256
3, 450000, 0.5, 0.75, 11472215, 12748641
3, 460000, 0.25, 0.7, 11726084, 13030801
3, 470000, 0.4375, 1.0, 11986087, 13319425
3, 480000, 0.1875, 0.75, 12244981, 13607056
3, 490000, 0.5, 1.0, 12491819, 13881598
3, 500000, 0.3125, 1.0, 12747244, 14165381
4, 10000, -0.8125, -0.19999999999999996, 181036, 201293
4, 20000, -0.5625, -0.9, 388347, 431453
4, 30000, -0.5625, -0.8, 607012, 674524
4, 40000, 0.0625, -1.0, 838893, 932409
4, 50000, -0.4375, -0.10000000000000003, 1083185, 1203565
4, 60000, 0.0625, 0.15000000000000002, 1326828, 1474140
4, 70000, -0.1875, 0.15000000000000002, 1572388, 1747079
4, 80000, 0.375, -0.15000000000000002, 1821737, 2024037
4, 90000, 0.0, -0.9, 2066658, 2296141
4, 100000, -0.375, -0.75, 2314877, 2572081
4, 110000, -0.0625, 0.15000000000000002, 2564692, 2849910
4, 120000, -0.125, -0.9, 2821714, 3135255
4, 130000, 0.1875, 0.6, 3076241, 3418339
4, 140000, 0.0625, 0.20000000000000007, 3334452, 3705544
4, 150000, -0.1875, -0.95, 3590627, 3990756
4, 160000, 0.0, -0.75, 3841867, 4269882
4, 170000, -0.25, -1.0, 4094374, 4550201
4, 180000, -0.3125, -1.0, 4349648, 4833781
4, 190000, -0.0625, -1.0, 4604916, 5117470
4, 200000, 0.5625, 0.5499999999999999, 4865521, 5407044
4, 210000, 0.4375, 0.55, 5120784, 5690649
4, 220000, 0.0, 0.44999999999999996, 5385737, 5985092
4, 230000, 0.25, 0.8, 5644354, 6272393
4, 240000, 0.125, 0.9, 5904910, 6561669
4, 250000, -0.0625, 1.0, 6156121, 6840998
4, 260000, 0.625, 1.0, 6416848, 7130367
4, 270000, 0.8125, 0.7, 6680737, 7423453
4, 280000, 0.5625, 1.0, 6938995, 7710722
4, 290000, 0.5625, 1.0, 7197646, 7998127
4, 300000, 0.75, 0.55, 7454905, 8284070
4, 310000, 0.3125, 1.0, 7708607, 8565965
4, 320000, 0.0, 0.8, 7963286, 8848813
4, 330000, -0.125, 1.0, 8214053, 9127580
4, 340000, 0.5, 1.0, 8463671, 9404987
4, 350000, 0.625, 0.8, 8727029, 9697130
4, 360000, 0.875, 0.8, 8983682, 9982409
4, 370000, 0.6875, 1.0, 9236207, 10263047
4, 380000, 0.125, 1.0, 9484395, 10538849
4, 390000, 0.75, 0.8999999999999999, 9736703, 10819483
4, 400000, 0.75, 1.0, 9988789, 11099404
4, 410000, 0.625, 1.0, 10236436, 11374067
4, 420000, 0.375, 0.8999999999999999, 10488097, 11653819
4, 430000, 0.4375, 1.0, 10741057, 11934851
4, 440000, 0.0625, 1.0, 10993894, 12215965
4, 450000, 0.0625, 0.95, 11250885, 12501769
4, 460000, 0.0, 0.8999999999999999, 11509140, 12788379
4, 470000, 0.375, 0.8999999999999999, 11762838, 13070330
4, 480000, 0.4375, 0.95, 12019581, 13355817
4, 490000, 0.3125, 1.0, 12271351, 13635683
4, 500000, 0.3125, 0.75, 12522757, 13915074
5, 10000, -0.875, -0.10000000000000003, 191207, 212370
5, 20000, -0.9375, -1.0, 411309, 457054
5, 30000, -0.3125, -0.95, 638757, 709578
5, 40000, -0.625, -0.95, 876507, 973851
5, 50000, -0.4375, -0.10000000000000003, 1116198, 1240282
5, 60000, -0.125, -0.10000000000000003, 1360367, 1511716
5, 70000, -0.25, 0.6000000000000001, 1608658, 1787415
5, 80000, -0.625, -0.85, 1852826, 2058602
5, 90000, -0.1875, -0.7, 2101241, 2334432
5, 100000, 0.4375, -0.65, 2350202, 2611010
5, 110000, 0.3125, 0.5, 2603433, 2892181
5, 120000, 0.125, -0.85, 2854820, 3171505
5, 130000, 0.0625, -0.8, 3103249, 3447255
5, 140000, -0.125, 0.25000000000000006, 3363335, 3736010
5, 150000, -0.125, 0.7, 3620683, 4021781
5, 160000, 0.75, 0.85, 3880195, 4310091
5, 170000, 0.4375, 0.7, 4141458, 4600306
5, 180000, 0.25, 1.0, 4409750, 4898696
5, 190000, 0.125, 0.30000000000000004, 4672505, 5190646
5, 200000, 0.5625, 0.25, 4930720, 5477627
5, 210000, 0.125, -0.5, 5191553, 5767359
5, 220000, 0.5625, 1.0, 5446471, 6050443
5, 230000, 0.3125, 1.0, 5708816, 6341933
5, 240000, 0.875, 0.85, 5962612, 6624001
5, 250000, 0.375, 1.0, 6213161, 6902437
5, 260000, 0.5, 1.0, 6466539, 7183908
5, 270000, -0.125, 0.8999999999999999, 6724464, 7470679
5, 280000, 0.5, 0.95, 6982309, 7757173
5, 290000, 0.625, 1.0, 7243966, 8047702
5, 300000, 0.5, 1.0, 7494788, 8326338
5, 310000, 0.5, 0.8999999999999999, 7746245, 8605621
5, 320000, 0.6875, 1.0, 8002368, 8890144
5, 330000, 0.375, 1.0, 8260559, 9177070
5, 340000, 0.9375, 1.0, 8510183, 9454822
5, 350000, 0.1875, 0.9, 8767252, 9740370
5, 360000, 0.5, 1.0, 9029728, 10031765
5, 370000, 0.3125, 0.8999999999999999, 9289995, 10320880
5, 380000, 0.6875, 1.0, 9548927, 10608563
5, 390000, 0.375, 1.0, 9803822, 10891586
5, 400000, 0.5625, 1.0, 10061331, 11177620
5, 410000, 0.8125, 1.0, 10317730, 11462718
5, 420000, 0.0, 1.0, 10575684, 11749445
5, 430000, 0.625, 0.95, 10834291, 12037083
5, 440000, -0.125, 0.9, 11092638, 12323949
5, 450000, 0.375, 1.0, 11349793, 12609457
5, 460000, 0.3125, 1.0, 11609287, 12897596
5, 470000, 0.6875, 0.8999999999999999, 11877424, 13195493
5, 480000, 0.3125, 0.8999999999999999, 12136279, 13483191
5, 490000, 0.375, 0.85, 12396031, 13771752
5, 500000, 0.625, 0.95, 12661376, 14066533
6, 10000, -0.9375, -0.6000000000000001, 190721, 211937
6, 20000, -0.6875, -1.0, 407315, 452696
6, 30000, -0.6875, -1.0, 626718, 696752
6, 40000, -0.25, -0.25, 857720, 953621
6, 50000, -0.6875, -0.9, 1092180, 1214228
6, 60000, -0.5, -1.0, 1327219, 1475474
6, 70000, -0.25, 0.09999999999999998, 1568110, 1743123
6, 80000, -0.4375, -0.8, 1813702, 2015977
6, 90000, -0.75, -0.95, 2057753, 2287174
6, 100000, 0.375, 0.0, 2308337, 2565419
6, 110000, 0.4375, -0.85, 2556626, 2841199
6, 120000, -0.375, -0.8, 2809525, 3122023
6, 130000, 0.1875, 0.6, 3071738, 3413312
6, 140000, -0.25, -0.75, 3324425, 3694353
6, 150000, -0.25, -0.35, 3582320, 3981198
6, 160000, -0.3125, -0.8, 3838524, 4265884
6, 170000, 0.375, -0.85, 4100883, 4557306
6, 180000, 0.0, -0.3, 4360443, 4845477
6, 190000, 0.25, -0.85, 4624029, 5138603
6, 200000, 0.4375, 0.44999999999999996, 4886086, 5429636
6, 210000, 0.1875, -0.8, 5145863, 5718385
6, 220000, 0.4375, 0.3, 5409929, 6011875
6, 230000, 0.375, 0.15000000000000002, 5683133, 6315303
6, 240000, 0.375, 0.44999999999999996, 5941529, 6602281
6, 250000, 0.25, 0.45, 6202756, 6892501
6, 260000, 0.5, 0.2, 6462116, 7180577
6, 270000, 0.625, 0.45, 6720268, 7467334
6, 280000, 0.5625, 0.55, 6983554, 7759701
6, 290000, 0.125, 0.8999999999999999, 7235743, 8039943
6, 300000, 0.625, 1.0, 7497145, 8330538
6, 310000, 0.3125, 0.6, 7763864, 8626666
6, 320000, 0.0625, 1.0, 8020988, 8912636
6, 330000, 0.25, 1.0, 8270668, 9189917
6, 340000, -0.5625, 0.95, 8521543, 9468703
6, 350000, 0.125, 0.8999999999999999, 8775523, 9750823
6, 360000, 0.875, 0.7, 9018759, 10021200
6, 370000, 0.3125, 0.8, 9268131, 10298368
6, 380000, 0.5, 1.0, 9519154, 10577428
6, 390000, 0.5, 1.0, 9775692, 10862571
6, 400000, 0.8125, 0.8999999999999999, 10034416, 11150133
6, 410000, 0.8125, 0.8, 10287184, 11430929
6, 420000, -0.1875, 1.0, 10536980, 11708317
6, 430000, 0.1875, 1.0, 10784570, 11983397
6, 440000, 0.8125, 1.0, 11049236, 12277481
6, 450000, 0.25, 0.8999999999999999, 11307040, 12563947
6, 460000, 0.25, 0.95, 11562895, 12848172
6, 470000, 0.375, 0.8999999999999999, 11825257, 13140013
6, 480000, 0.625, 1.0, 12081868, 13425084
6, 490000, 0.5625, 0.75, 12328856, 13699367
6, 500000, 0.25, 0.8999999999999999, 12585852, 13984839
7, 10000, -1.0, -1.0, 185332, 206176
7, 20000, -0.375, -0.39999999999999997, 405793, 451070
7, 30000, 0.0, 0.10000000000000003, 638659, 709807
7, 40000, 0.0, 0.09999999999999998, 881933, 980056
7, 50000, -0.8125, -0.75, 1130781, 1256320
7, 60000, 0.125, -0.75, 1376487, 1529509
7, 70000, 0.1875, 0.09999999999999998, 1636225, 1818005
7, 80000, -0.125, 0.7, 1893241, 2103450
7, 90000, 0.0625, -0.85, 2153947, 2393027
7, 100000, -0.0625, 0.8, 2411830, 2679655
7, 110000, -0.4375, -0.95, 2660938, 2955959
7, 120000, -0.25, 0.6000000000000001, 2915079, 3238268
7, 130000, 0.25, 1.0, 3168047, 3519346
7, 140000, 0.125, 0.45, 3425059, 3805224
7, 150000, 0.125, 0.5, 3687987, 4097214
7, 160000, 0.375, 0.6000000000000001, 3951610, 4390134
7, 170000, 0.1875, 0.7, 4214016, 4681686
7, 180000, 0.125, 0.8, 4471079, 4967504
7, 190000, 0.375, 0.8, 4725460, 5250478
7, 200000, 1.0, 0.15000000000000002, 4983349, 5536850
7, 210000, 0.1875, 0.35000000000000003, 5251033, 5833985
7, 220000, 0.375, 0.65, 5518173, 6130982
7, 230000, 0.5, 0.8999999999999999, 5766910, 6407142
7, 240000, -0.125, 0.65, 6032349, 6702079
7, 250000, 0.4375, 0.85, 6288267, 6986624
7, 260000, 0.0625, 0.5499999999999999, 6551445, 7279310
7, 270000, -0.25, 1.0, 6815441, 7572663
7, 280000, 0.0, 0.85, 7071863, 7857588
7, 290000, 0.5, 0.85, 7329120, 8143544
7, 300000, 0.625, 0.8, 7583631, 8426443
7, 310000, 0.6875, 1.0, 7836017, 8706803
7, 320000, 0.375, 1.0, 8092667, 8991590
7, 330000, 0.4375, 0.8999999999999999, 8355647, 9283735
7, 340000, 0.4375, 0.8999999999999999, 8619183, 9576553
7, 350000, 0.0, 0.8, 8878346, 9864668
7, 360000, 0.8125, 0.7, 9134008, 10148658
7, 370000, 0.375, 1.0, 9397377, 10441412
7, 380000, 0.75, 1.0, 9653843, 10726233
7, 390000, 0.8125, 1.0, 9903542, 11003851
7, 400000, 0.375, 1.0, 10164996, 11294644
7, 410000, 0.6875, 0.85, 10431811, 11591175
7, 420000, 0.75, 1.0, 10693035, 11881396
7, 430000, 0.5625, 0.95, 10950786, 12167708
7, 440000, 0.5, 1.0, 11206302, 12451401
7, 450000, 0.6875, 1.0, 11458962, 12732136
7, 460000, 0.5, 1.0, 11710753, 13012155
7, 470000, 0.125, 1.0, 11956630, 13285282
7, 480000, 0.0, 1.0, 12202819, 13558745
7, 490000, 0.3125, 0.8999999999999999, 12450096, 13833468
7, 500000, 0.625, 1.0, 12700837, 14112041
8, 10000, -0.875, -0.65, 187054, 207817
8, 20000, -0.5625, -0.9, 400747, 444973
8, 30000, -0.5, -0.95, 637489, 707891
8, 40000, -0.75, -0.9, 872705, 969246
8, 50000, -0.3125, -1.0, 1105575, 1227997
8, 60000, -0.4375, -1.0, 1338836, 1487208
8, 70000, 0.25, -0.75, 1577809, 1752403
8, 80000, 0.0, -0.75, 1824564, 2026572
8, 90000, -0.125, -1.0, 2072362, 2301926
8, 100000, -0.125, -0.8, 2320324, 2577509
8, 110000, -0.25, -0.9, 2568613, 2853569
8, 120000, -0.4375, -0.6, 2820881, 3133936
8, 130000, 0.375, -1.0, 3072471, 3413489
8, 140000, 0.0625, -0.5, 3332862, 3702936
8, 150000, 0.0, -0.6, 3588439, 3986829
8, 160000, 0.3125, -0.7, 3851737, 4279259
8, 170000, 0.3125, -0.7, 4117613, 4574550
8, 180000, 0.25, 0.15000000000000002, 4377329, 4863034
8, 190000, 0.4375, 0.20000000000000007, 4633969, 5147849
8, 200000, 0.25, -0.35, 4885722, 5427426
8, 210000, -0.125, -0.45, 5143346, 5713671
8, 220000, -0.25, 0.6, 5406061, 6005351
8, 230000, 0.625, 0.09999999999999998, 5670337, 6298605
8, 240000, 0.75, 0.30000000000000004, 5926910, 6583627
8, 250000, 0.625, 0.30000000000000004, 6186776, 6872698
8, 260000, 0.5625, 0.19999999999999996, 6454177, 7169681
8, 270000, 0.0, 0.55, 6713396, 7457675
8, 280000, 0.3125, 0.8, 6977074, 7750804
8, 290000, 0.8125, 0.44999999999999996, 7235744, 8038024
8, 300000, 0.8125, 0.8, 7497017, 8328153
8, 310000, 0.25, 0.15000000000000002, 7768666, 8629949
8, 320000, 0.625, 0.85, 8033410, 8924114
8, 330000, 0.625, 0.75, 8295097, 9214726
8, 340000, 0.5625, 0.8999999999999999, 8561521, 9510933
8, 350000, 0.1875, 1.0, 8817938, 9795680
8, 360000, 0.5, 1.0, 9077456, 10083728
8, 370000, 0.625, 0.8999999999999999, 9333962, 10368414
8, 380000, 0.25, 1.0, 9590369, 10653393
8, 390000, 0.75, 0.8999999999999999, 9841023, 10931812
8, 400000, 0.8125, 1.0, 10101618, 11221185
8, 410000, 0.5, 1.0, 10351024, 11498489
8, 420000, 0.875, 1.0, 10605268, 11781181
8, 430000, 0.5, 0.8999999999999999, 10862173, 12066444
8, 440000, 0.625, 0.95, 11115464, 12347982
8, 450000, 0.75, 0.8999999999999999, 11375381, 12636722
8, 460000, 0.4375, 0.8999999999999999, 11625592, 12915024
8, 470000, 0.8125, 1.0, 11883023, 13201012
8, 480000, 0.625, 1.0, 12126007, 13471312
8, 490000, 0.5, 1.0, 12378272, 13751710
8, 500000, 0.6875, 1.0, 12636006, 14038190
9, 10000, -0.875, -0.9, 182069, 201970
9, 20000, -0.75, -0.04999999999999999, 401919, 446292
9, 30000, -0.625, -0.35, 627809, 697315
9, 40000, -0.0625, 0.30000000000000004, 862957, 958373
9, 50000, -0.0625, 0.20000000000000007, 1091434, 1212388
9, 60000, -0.125, 0.15000000000000002, 1331755, 1479472
9, 70000, -0.1875, 0.6000000000000001, 1579388, 1754626
9, 80000, -0.125, -0.5, 1825253, 2028165
9, 90000, -0.1875, 0.30000000000000004, 2061808, 2290768
9, 100000, 0.3125, 0.55, 2295528, 2550505
9, 110000, 0.1875, -0.8, 2542553, 2824874
9, 120000, 0.25, 0.39999999999999997, 2794590, 3104828
9, 130000, 0.375, -0.85, 3044526, 3382853
9, 140000, 0.625, 0.85, 3289825, 3655637
9, 150000, 0.8125, -0.04999999999999999, 3539898, 3933271
9, 160000, 0.3125, 0.55, 3789972, 4211103
9, 170000, 0.4375, 0.44999999999999996, 4043536, 4492943
9, 180000, 0.5, 0.35000000000000003, 4297124, 4774582
9, 190000, 0.4375, 0.15000000000000002, 4549656, 5055269
9, 200000, 0.375, 0.7, 4800676, 5334401
9, 210000, 0.625, 0.30000000000000004, 5056620, 5618548
9, 220000, -0.1875, 0.9, 5303015, 5892218
9, 230000, 0.375, 0.8999999999999999, 5549955, 6166763
9, 240000, 0.5625, 1.0, 5803501, 6448350
9, 250000, 0.375, 1.0, 6067559, 6741677
9, 260000, 0.875, 0.85, 6334423, 7038293
9, 270000, 0.25, 0.8999999999999999, 6594532, 7327304
9, 280000, -0.0625, 0.65, 6856975, 7618484
9, 290000, 0.75, 1.0, 7115190, 7905496
9, 300000, 0.4375, 0.7, 7375743, 8194695
9, 310000, 0.75, 1.0, 7632789, 8480242
9, 320000, 0.25, 1.0, 7890750, 8767037
9, 330000, 0.5, 1.0, 8150690, 9055829
9, 340000, 0.75, 0.8999999999999999, 8403912, 9337584
9, 350000, 0.6875, 0.85, 8659010, 9621223
9, 360000, 0.0, 1.0, 8910652, 9900689
9, 370000, 0.3125, 0.8, 9165474, 10183560
9, 380000, 0.75, 1.0, 9415949, 10462069
9, 390000, 0.1875, 0.8999999999999999, 9670252, 10744671
9, 400000, 0.6875, 0.95, 9913861, 11015228
9, 410000, 0.5, 1.0, 10162713, 11291737
9, 420000, 0.0, 1.0, 10416348, 11573691
9, 430000, 0.875, 1.0, 10668574, 11853934
9, 440000, 0.9375, 1.0, 10907862, 12119584
9, 450000, 0.625, 0.8999999999999999, 11150142, 12388711
9, 460000, 0.75, 0.7, 11400180, 12666733
9, 470000, 0.0, 0.9, 11649230, 12943199
9, 480000, 0.25, 1.0, 11899801, 13221894
9, 490000, 0.5, 1.0, 12158611, 13509471
9, 500000, 0.75, 0.8999999999999999, 12414958, 13794247
