TDNTuple3Agt: USESYM:true, P:15, NORMALIZE:false, sigmoid:none, lambda:0.0, horizon:1, AFTERSTATE:true, learnFromRM: false
TDNTuple3Agt: alpha_init->final:1.0->1.0, epsilon_init->final:0.0->0.0, gamma: 1.0, fixed n-tuple, mode=2, evalQ: 0, evalT: -1
run, gameNum, evalQ, evalT, actionNum, trnMoves, totalTrainSec, movesSecond, , 
0, 5000, 35063.52, 0.0, 6410353, 6410353, 111.028, 57736.36380012249, 0.0, 0.0
0, 10000, 44741.85408, 0.0, 16301196, 16301196, 278.715, 58486.97056132609, 0.0, 0.0
0, 15000, 53641.671416319994, 0.0, 28118055, 28118055, 480.882, 58471.8392453866, 0.0, 0.0
0, 20000, 62557.57468566528, 0.0, 41727420, 41727420, 713.979, 58443.483631871524, 0.0, 0.0
0, 25000, 68584.87029874265, 0.0, 56633761, 56633761, 969.649, 58406.45532558689, 0.0, 0.0
0, 30000, 79771.44348119498, 0.0, 72777939, 72777939, 1247.588, 58334.91425053784, 0.0, 0.0
0, 35000, 74478.73377392479, 0.0, 89887578, 89887578, 1542.019, 58292.13388421284, 0.0, 0.0
0, 40000, 87005.4829350957, 0.0, 108094900, 108094900, 1858.596, 58159.43863001965, 0.0, 0.0
0, 45000, 85144.30993174037, 0.0, 127102852, 127102852, 2187.627, 58100.78774855129, 0.0, 0.0
0, 50000, 89807.00923972696, 0.0, 146934368, 146934368, 2530.772, 58059.10923623305, 0.0, 0.0
0, 55000, 95005.21203695891, 0.0, 167439806, 167439806, 2883.384, 58070.588586189006, 0.0, 0.0
0, 60000, 95826.72484814785, 0.0, 188475090, 188475090, 3245.248, 58077.25326384917, 0.0, 0.0
0, 65000, 106153.03489939259, 0.0, 210431669, 210431669, 3622.076, 58096.977810515295, 0.0, 0.0
0, 70000, 106067.78013959757, 0.0, 233109698, 233109698, 4010.889, 58119.20948198766, 0.0, 0.0
0, 75000, 109819.47112055839, 0.0, 256199259, 256199259, 4410.456, 58089.063579820315, 0.0, 0.0
0, 80000, 105631.77388448223, 0.0, 279833988, 279833988, 4817.225, 58090.2880807934, 0.0, 0.0
0, 85000, 117017.79109553793, 0.0, 303833602, 303833602, 5230.273, 58091.34666584325, 0.0, 0.0
0, 90000, 112831.91116438215, 0.0, 328428991, 328428991, 5653.875, 58089.18502796754, 0.0, 0.0
0, 95000, 115925.13564465752, 0.0, 353261409, 353261409, 6081.59, 58087.01490893006, 0.0, 0.0
0, 100000, 112699.42854257864, 0.0, 378596112, 378596112, 6523.723, 58033.75036003215, 0.0, 0.0
0, 105000, 122574.54171417031, 0.0, 403903565, 403903565, 6960.067, 58031.56277087562, 0.0, 0.0
0, 110000, 123400.58616685668, 0.0, 429693917, 429693917, 7404.847, 58028.73671799026, 0.0, 0.0
0, 115000, 126488.73834466744, 0.0, 455605765, 455605765, 7852.129, 58023.21446833082, 0.0, 0.0
0, 120000, 123874.14695337867, 0.0, 481849631, 481849631, 8305.332, 58016.90179272785, 0.0, 0.0
0, 125000, 129041.6085878135, 0.0, 508404009, 508404009, 8764.03, 58010.299941921694, 0.0, 0.0
0, 130000, 130428.07043435125, 0.0, 535114938, 535114938, 9225.698, 58002.65063955052, 0.0, 0.0
0, 135000, 127030.1762817374, 0.0, 561948974, 561948974, 9689.443, 57996.0038982633, 0.0, 0.0
0, 140000, 125394.66470512694, 0.0, 589128653, 589128653, 10159.402, 57988.51674537537, 0.0, 0.0
0, 145000, 127709.08265882051, 0.0, 616561929, 616561929, 10644.359, 57923.819461557054, 0.0, 0.0
0, 150000, 129022.80433063528, 0.0, 644033246, 644033246, 11119.931, 57917.01819013085, 0.0, 0.0
0, 155000, 130025.06721732255, 0.0, 671838307, 671838307, 11601.49, 57909.657035432516, 0.0, 0.0
0, 160000, 142116.9802688693, 0.0, 699604395, 699604395, 12082.756, 57901.06123139456, 0.0, 0.0
0, 165000, 134583.17192107547, 0.0, 727528628, 727528628, 12567.019, 57891.90165145767, 0.0, 0.0
0, 170000, 134499.5486876843, 0.0, 755741450, 755741450, 13057.036, 57880.01580144223, 0.0, 0.0
0, 175000, 135693.83819475072, 0.0, 784046797, 784046797, 13547.946, 57872.004878082626, 0.0, 0.0
0, 180000, 137609.559352779, 0.0, 812542922, 812542922, 14042.605, 57862.69157325155, 0.0, 0.0
0, 185000, 136877.5582374111, 0.0, 841114349, 841114349, 14538.609, 57853.83931846575, 0.0, 0.0
0, 190000, 136812.51823294963, 0.0, 869708142, 869708142, 15035.121, 57845.10427285554, 0.0, 0.0
0, 195000, 137419.2020729318, 0.0, 898544271, 898544271, 15535.513, 57838.081755008665, 0.0, 0.0
0, 200000, 133748.09280829172, 0.0, 927356220, 927356220, 16035.429, 57831.706279888116, 0.0, 0.0
1, 5000, 34886.752, 0.0, 6320749, 6320749, 108.726, 58134.65960303883, 0.0, 0.0
1, 10000, 44359.499008, 0.0, 16390716, 16390716, 280.572, 58418.92990034643, 0.0, 0.0
1, 15000, 55032.493996032, 0.0, 28577934, 28577934, 487.938, 58568.7812795888, 0.0, 0.0
1, 20000, 57737.71397598412, 0.0, 42251058, 42251058, 720.261, 58660.76047432806, 0.0, 0.0
1, 25000, 66818.02285590394, 0.0, 56923043, 56923043, 969.27, 58727.7466546989, 0.0, 0.0
1, 30000, 73533.22409142362, 0.0, 72554385, 72554385, 1234.149, 58788.99954543577, 0.0, 0.0
1, 35000, 75600.4208963657, 0.0, 88906508, 88906508, 1511.215, 58831.1444764643, 0.0, 0.0
1, 40000, 82207.40968358546, 0.0, 106346181, 106346181, 1806.605, 58865.209052338505, 0.0, 0.0
1, 45000, 88949.62963873435, 0.0, 125254432, 125254432, 2126.757, 58894.566704141565, 0.0, 0.0
1, 50000, 93708.64651855495, 0.0, 145038252, 145038252, 2461.64, 58919.359451422635, 0.0, 0.0
1, 55000, 96789.98658607421, 0.0, 165240546, 165240546, 2803.886, 58932.69055874597, 0.0, 0.0
1, 60000, 97626.5359463443, 0.0, 186547917, 186547917, 3164.908, 58942.603386891504, 0.0, 0.0
1, 65000, 102902.81014378538, 0.0, 208491781, 208491781, 3536.555, 58953.354606389556, 0.0, 0.0
1, 70000, 111938.93924057513, 0.0, 230828782, 230828782, 3914.983, 58960.35359540514, 0.0, 0.0
1, 75000, 111204.6837569623, 0.0, 253884689, 253884689, 4305.901, 58962.03582014543, 0.0, 0.0
1, 80000, 114092.54673502785, 0.0, 277280641, 277280641, 4702.418, 58965.54517271753, 0.0, 0.0
1, 85000, 113798.9621869401, 0.0, 301551514, 301551514, 5113.907, 58966.95305565783, 0.0, 0.0
1, 90000, 112437.86784874776, 0.0, 325779223, 325779223, 5524.703, 58967.73509815821, 0.0, 0.0
1, 95000, 116438.47147139498, 0.0, 350583105, 350583105, 5945.36, 58967.51500329669, 0.0, 0.0
1, 100000, 118302.23388588558, 0.0, 375656144, 375656144, 6371.03, 58963.17298772726, 0.0, 0.0
1, 105000, 120198.36093554353, 0.0, 401312633, 401312633, 6807.093, 58955.068338275974, 0.0, 0.0
1, 110000, 116935.68944374217, 0.0, 427345637, 427345637, 7249.348, 58949.52718506547, 0.0, 0.0
1, 115000, 119852.23875777496, 0.0, 453577608, 453577608, 7695.267, 58942.41330417775, 0.0, 0.0
1, 120000, 127778.70495503109, 0.0, 480074075, 480074075, 8145.662, 58936.16442715153, 0.0, 0.0
1, 125000, 126652.52281982012, 0.0, 506634346, 506634346, 8597.181, 58930.28726509305, 0.0, 0.0
1, 130000, 122891.18609127928, 0.0, 533711257, 533711257, 9057.704, 58923.459742115665, 0.0, 0.0
1, 135000, 129184.63674436513, 0.0, 560735859, 560735859, 9517.591, 58915.7339288902, 0.0, 0.0
1, 140000, 130850.78654697746, 0.0, 588237886, 588237886, 9985.667, 58908.22175424035, 0.0, 0.0
1, 145000, 134405.7231461879, 0.0, 615808834, 615808834, 10454.894, 58901.48996249986, 0.0, 0.0
1, 150000, 132473.68689258475, 0.0, 643660786, 643660786, 10929.244, 58893.44093699436, 0.0, 0.0
1, 155000, 136012.67874757035, 0.0, 671528239, 671528239, 11404.109, 58884.761536390084, 0.0, 0.0
1, 160000, 131923.81071499028, 0.0, 699680296, 699680296, 11884.129, 58875.18521550885, 0.0, 0.0
1, 165000, 139038.62324285996, 0.0, 728064107, 728064107, 12368.173, 58865.93816241089, 0.0, 0.0
1, 170000, 140924.12249297142, 0.0, 756793121, 756793121, 12857.935, 58858.06087836033, 0.0, 0.0
1, 175000, 141958.33648997187, 0.0, 785443742, 785443742, 13346.861, 58848.57435767106, 0.0, 0.0
1, 180000, 141565.9453459599, 0.0, 814687568, 814687568, 13846.018, 58839.1238549596, 0.0, 0.0
1, 185000, 142884.35978138383, 0.0, 843775848, 843775848, 14342.565, 58830.19167073672, 0.0, 0.0
1, 190000, 149632.70543912554, 0.0, 872993693, 872993693, 14841.311, 58821.87180094804, 0.0, 0.0
1, 195000, 141773.53882175652, 0.0, 902756010, 902756010, 15349.432, 58813.642745868376, 0.0, 0.0
1, 200000, 139881.62215528704, 0.0, 932530914, 932530914, 15858.082, 58804.77311190597, 0.0, 0.0
2, 5000, 35610.336, 0.0, 6511368, 6511368, 110.866, 58731.87451518049, 0.0, 0.0
2, 10000, 46833.785343999996, 0.0, 16749967, 16749967, 283.929, 58993.505418608176, 0.0, 0.0
2, 15000, 53380.663141376004, 0.0, 28960243, 28960243, 489.859, 59119.54868645876, 0.0, 0.0
2, 20000, 62216.146652565505, 0.0, 42486176, 42486176, 717.826, 59187.29051329988, 0.0, 0.0
2, 25000, 63295.24858661026, 0.0, 57289759, 57289759, 966.868, 59252.92697658832, 0.0, 0.0
2, 30000, 70138.17299434645, 0.0, 73144699, 73144699, 1233.428, 59301.9608765165, 0.0, 0.0
2, 35000, 77149.04869197738, 0.0, 90103380, 90103380, 1518.189, 59349.25098258517, 0.0, 0.0
2, 40000, 78731.70019476791, 0.0, 107574319, 107574319, 1811.39, 59387.718271603575, 0.0, 0.0
2, 45000, 86776.63880077908, 0.0, 125686390, 125686390, 2115.225, 59419.86786275692, 0.0, 0.0
2, 50000, 86404.40255520311, 0.0, 144486422, 144486422, 2430.35, 59450.87003929476, 0.0, 0.0
2, 55000, 91168.97761022081, 0.0, 164199174, 164199174, 2760.698, 59477.41259637962, 0.0, 0.0
2, 60000, 100550.19591044089, 0.0, 184532160, 184532160, 3101.381, 59499.99693684846, 0.0, 0.0
2, 65000, 100945.00078364175, 0.0, 205642577, 205642577, 3455.14, 59517.871055876174, 0.0, 0.0
2, 70000, 101434.21200313457, 0.0, 227040023, 227040023, 3813.737, 59532.16569469788, 0.0, 0.0
2, 75000, 105801.89684801253, 0.0, 249274221, 249274221, 4186.299, 59545.25011233072, 0.0, 0.0
2, 80000, 106970.18358739205, 0.0, 271996825, 271996825, 4567.112, 59555.5407881392, 0.0, 0.0
2, 85000, 115863.83273434956, 0.0, 295274668, 295274668, 4957.505, 59561.14376082324, 0.0, 0.0
2, 90000, 119299.6153309374, 0.0, 318972479, 318972479, 5354.929, 59566.14532144123, 0.0, 0.0
2, 95000, 116147.64646132375, 0.0, 342943129, 342943129, 5757.271, 59566.95958901362, 0.0, 0.0
2, 100000, 112851.10258584529, 0.0, 367358844, 367358844, 6167.048, 59568.02087481726, 0.0, 0.0
2, 105000, 113727.43641034338, 0.0, 392198124, 392198124, 6584.044, 59567.9682578063, 0.0, 0.0
2, 110000, 116457.64574564138, 0.0, 417439078, 417439078, 7008.009, 59566.0019843011, 0.0, 0.0
2, 115000, 118958.64658298258, 0.0, 442946813, 442946813, 7436.396, 59564.715622998025, 0.0, 0.0
2, 120000, 124390.13858633193, 0.0, 468694401, 468694401, 7869.158, 59560.934092313306, 0.0, 0.0
2, 125000, 118308.39255434532, 0.0, 494508729, 494508729, 8303.085, 59557.22830730988, 0.0, 0.0
2, 130000, 126788.08157021739, 0.0, 520821535, 520821535, 8745.459, 59553.36763913706, 0.0, 0.0
2, 135000, 122312.70432628086, 0.0, 547485909, 547485909, 9193.821, 59549.33307924964, 0.0, 0.0
2, 140000, 136163.2028173051, 0.0, 574015015, 574015015, 9639.994, 59545.16309864923, 0.0, 0.0
2, 145000, 129837.14881126922, 0.0, 601036302, 601036302, 10094.579, 59540.502085327185, 0.0, 0.0
2, 150000, 132157.26859524508, 0.0, 628408468, 628408468, 10557.471, 59522.63264564023, 0.0, 0.0
2, 155000, 136018.485074381, 0.0, 655986410, 655986410, 11021.518, 59518.698785412314, 0.0, 0.0
2, 160000, 129309.91394029751, 0.0, 683745632, 683745632, 11489.06, 59512.7566572026, 0.0, 0.0
2, 165000, 138205.86365576118, 0.0, 711522883, 711522883, 11956.305, 59510.26533699165, 0.0, 0.0
2, 170000, 134695.57545462303, 0.0, 739622100, 739622100, 12429.362, 59506.039006668245, 0.0, 0.0
2, 175000, 131508.5103018185, 0.0, 768141319, 768141319, 12909.372, 59502.60934459089, 0.0, 0.0
2, 180000, 135457.2020412073, 0.0, 796602301, 796602301, 13388.88, 59497.30679489248, 0.0, 0.0
2, 185000, 140429.74880816485, 0.0, 825181062, 825181062, 13870.501, 59491.79932289396, 0.0, 0.0
2, 190000, 141275.67099523265, 0.0, 854091254, 854091254, 14357.868, 59485.93858085337, 0.0, 0.0
2, 195000, 138218.97468398095, 0.0, 883144263, 883144263, 14847.864, 59479.5495836977, 0.0, 0.0
2, 200000, 147006.36389873593, 0.0, 912019055, 912019055, 15335.144, 59472.48066271826, 0.0, 0.0
3, 5000, 34872.096, 0.0, 6494868, 6494868, 110.69, 58676.194778209414, 0.0, 0.0
3, 10000, 45391.792384, 0.0, 16519358, 16519358, 280.607, 58870.085208138065, 0.0, 0.0
3, 15000, 52424.623169536004, 0.0, 28320497, 28320497, 480.332, 58960.25457391971, 0.0, 0.0
3, 20000, 54755.058492678145, 0.0, 41638844, 41638844, 705.771, 58997.66921565211, 0.0, 0.0
3, 25000, 65209.084233970716, 0.0, 56361452, 56361452, 955.014, 59016.362063802204, 0.0, 0.0
3, 30000, 68013.12433693587, 0.0, 71815406, 71815406, 1216.747, 59022.46399621285, 0.0, 0.0
3, 35000, 70445.87649734774, 0.0, 88273196, 88273196, 1495.569, 59023.15172352463, 0.0, 0.0
3, 40000, 76683.78350598938, 0.0, 105592710, 105592710, 1788.912, 59026.218170597545, 0.0, 0.0
3, 45000, 82664.89513402396, 0.0, 123814014, 123814014, 2097.57, 59027.35737067177, 0.0, 0.0
3, 50000, 83998.3875805361, 0.0, 142610875, 142610875, 2416.08, 59025.725555445184, 0.0, 0.0
3, 55000, 90078.04155032214, 0.0, 162320573, 162320573, 2749.962, 59026.47854770357, 0.0, 0.0
3, 60000, 93440.1361662013, 0.0, 182613500, 182613500, 3093.462, 59032.0812086911, 0.0, 0.0
3, 65000, 101239.1365446648, 0.0, 203688482, 203688482, 3450.069, 59038.958930966306, 0.0, 0.0
3, 70000, 98864.89254617867, 0.0, 225276538, 225276538, 3815.325, 59045.176492173014, 0.0, 0.0
3, 75000, 106406.16357018471, 0.0, 247872280, 247872280, 4197.644, 59050.33394923438, 0.0, 0.0
3, 80000, 108310.12065428073, 0.0, 271319423, 271319423, 4594.016, 59059.311722031445, 0.0, 0.0
3, 85000, 110594.37648261712, 0.0, 295179868, 295179868, 4997.514, 59065.340887489256, 0.0, 0.0
3, 90000, 109368.87350593047, 0.0, 319092588, 319092588, 5401.9, 59070.43595771858, 0.0, 0.0
3, 95000, 108388.40349402373, 0.0, 343599474, 343599474, 5816.367, 59074.58624945778, 0.0, 0.0
3, 100000, 121021.15361397609, 0.0, 368642474, 368642474, 6239.704, 59080.12206989306, 0.0, 0.0
3, 105000, 122884.62861445591, 0.0, 393767065, 393767065, 6664.549, 59083.82772787776, 0.0, 0.0
3, 110000, 119148.91451445782, 0.0, 419207122, 419207122, 7094.874, 59085.91498594619, 0.0, 0.0
3, 115000, 122390.91565805784, 0.0, 445041357, 445041357, 7531.566, 59090.1489809689, 0.0, 0.0
3, 120000, 132358.92366263224, 0.0, 471204438, 471204438, 7973.729, 59094.61407579816, 0.0, 0.0
3, 125000, 128801.57969465053, 0.0, 497750598, 497750598, 8422.482, 59097.85239077982, 0.0, 0.0
3, 130000, 133759.9903187786, 0.0, 524361937, 524361937, 8872.598, 59099.03018259139, 0.0, 0.0
3, 135000, 130141.03996127512, 0.0, 551379857, 551379857, 9329.605, 59100.02159791331, 0.0, 0.0
3, 140000, 139280.5001598451, 0.0, 578627687, 578627687, 9791.006, 59097.87891050215, 0.0, 0.0
3, 145000, 136677.25000063938, 0.0, 606240618, 606240618, 10258.531, 59096.240777553816, 0.0, 0.0
3, 150000, 131899.20500000258, 0.0, 633968081, 633968081, 10728.057, 59094.39901372634, 0.0, 0.0
3, 155000, 133370.15682, 0.0, 661783084, 661783084, 11199.695, 59089.38448770257, 0.0, 0.0
3, 160000, 138799.92862728, 0.0, 690248468, 690248468, 11682.314, 59084.90971908476, 0.0, 0.0
3, 165000, 138961.10371450914, 0.0, 718553591, 718553591, 12162.258, 59080.607482590814, 0.0, 0.0
3, 170000, 137936.27641485803, 0.0, 747271706, 747271706, 12649.402, 59075.65480170525, 0.0, 0.0
3, 175000, 140659.84110565943, 0.0, 775991236, 775991236, 13136.839, 59069.85965192997, 0.0, 0.0
3, 180000, 141640.3033644226, 0.0, 804928724, 804928724, 13628.056, 59064.08984524278, 0.0, 0.0
3, 185000, 137736.6572134577, 0.0, 833928905, 833928905, 14120.447, 59058.25113043518, 0.0, 0.0
3, 190000, 135890.05062885382, 0.0, 863086843, 863086843, 14615.74, 59051.87441757995, 0.0, 0.0
3, 195000, 143135.97620251542, 0.0, 892642989, 892642989, 15117.899, 59045.43938281371, 0.0, 0.0
3, 200000, 151286.52790481006, 0.0, 922248911, 922248911, 15621.039, 59038.89690051987, 0.0, 0.0
4, 5000, 34372.4, 0.0, 6318886, 6318886, 107.782, 58626.54246534672, 0.0, 0.0
4, 10000, 45410.8496, 0.0, 16440552, 16440552, 279.173, 58890.19353590784, 0.0, 0.0
4, 15000, 53221.003398400004, 0.0, 28493244, 28493244, 482.682, 59031.08879137817, 0.0, 0.0
4, 20000, 62590.8360135936, 0.0, 41882361, 41882361, 708.306, 59130.32079355532, 0.0, 0.0
4, 25000, 65199.86734405437, 0.0, 56530842, 56530842, 954.946, 59197.94627130748, 0.0, 0.0
4, 30000, 69182.38346937622, 0.0, 71873384, 71873384, 1213.159, 59244.81786806181, 0.0, 0.0
4, 35000, 76447.0335338775, 0.0, 88407260, 88407260, 1491.33, 59280.81645242837, 0.0, 0.0
4, 40000, 77943.82013413552, 0.0, 105664626, 105664626, 1781.359, 59316.86201377712, 0.0, 0.0
4, 45000, 83485.96728053653, 0.0, 123846004, 123846004, 2086.667, 59351.11064678744, 0.0, 0.0
4, 50000, 84079.86386912214, 0.0, 142435339, 142435339, 2398.806, 59377.59827180689, 0.0, 0.0
4, 55000, 88737.79145547649, 0.0, 162126960, 162126960, 2729.481, 59398.45706931097, 0.0, 0.0
4, 60000, 97300.61516582192, 0.0, 182363606, 182363606, 3069.05, 59420.21342109121, 0.0, 0.0
4, 65000, 96524.46646066329, 0.0, 203417924, 203417924, 3422.352, 59438.04845322749, 0.0, 0.0
4, 70000, 104513.24986584265, 0.0, 225020924, 225020924, 3784.965, 59451.25622033493, 0.0, 0.0
4, 75000, 113434.64499946337, 0.0, 247433331, 247433331, 4161.233, 59461.54204775363, 0.0, 0.0
4, 80000, 104272.65057999785, 0.0, 270319050, 270319050, 4545.249, 59472.880363650045, 0.0, 0.0
4, 85000, 115874.17860231998, 0.0, 293666061, 293666061, 4937.284, 59479.272612229724, 0.0, 0.0
4, 90000, 110337.30471440927, 0.0, 317931953, 317931953, 5344.803, 59484.3164472105, 0.0, 0.0
4, 95000, 118283.38121885764, 0.0, 342393503, 342393503, 5755.77, 59487.00226034049, 0.0, 0.0
4, 100000, 117935.50152487544, 0.0, 367164316, 367164316, 6172.056, 59488.16990642989, 0.0, 0.0
4, 105000, 121232.3340060995, 0.0, 392097443, 392097443, 6591.234, 59487.71398496852, 0.0, 0.0
4, 110000, 120966.6093360244, 0.0, 417453555, 417453555, 7017.638, 59486.33357833505, 0.0, 0.0
4, 115000, 120070.8744373441, 0.0, 443259073, 443259073, 7451.656, 59484.63979013524, 0.0, 0.0
4, 120000, 126167.49949774938, 0.0, 469017875, 469017875, 7884.978, 59482.45828967437, 0.0, 0.0
4, 125000, 122320.141997991, 0.0, 495342602, 495342602, 8328.206, 59477.7076839838, 0.0, 0.0
4, 130000, 129307.39256799198, 0.0, 521743360, 521743360, 8772.371, 59475.751766540656, 0.0, 0.0
4, 135000, 127974.63757027197, 0.0, 548228684, 548228684, 9218.636, 59469.60960385029, 0.0, 0.0
4, 140000, 122076.3305502811, 0.0, 574991064, 574991064, 9669.84, 59462.3141644536, 0.0, 0.0
4, 145000, 128440.20932220113, 0.0, 602242229, 602242229, 10128.99, 59457.28340140527, 0.0, 0.0
4, 150000, 131530.8648372888, 0.0, 629932722, 629932722, 10595.307, 59453.9376725941, 0.0, 0.0
4, 155000, 131416.89145934916, 0.0, 657533880, 657533880, 11060.43, 59449.21490394135, 0.0, 0.0
4, 160000, 139206.8355658374, 0.0, 685852321, 685852321, 11538.044, 59442.68551931332, 0.0, 0.0
4, 165000, 131448.17134226335, 0.0, 714047978, 714047978, 12013.744, 59435.92422145835, 0.0, 0.0
4, 170000, 141336.48068536905, 0.0, 742674687, 742674687, 12496.749, 59429.4313665098, 0.0, 0.0
4, 175000, 136799.72992274148, 0.0, 771235028, 771235028, 12978.786, 59422.74015458765, 0.0, 0.0
4, 180000, 136619.15091969096, 0.0, 800052186, 800052186, 13465.178, 59416.38394977029, 0.0, 0.0
4, 185000, 143059.51660367876, 0.0, 828867611, 828867611, 13951.821, 59409.27789999599, 0.0, 0.0
4, 190000, 138301.83806641473, 0.0, 858013504, 858013504, 14444.072, 59402.466562060894, 0.0, 0.0
4, 195000, 142871.81535226566, 0.0, 887627980, 887627980, 14943.979, 59397.03073726215, 0.0, 0.0
4, 200000, 154001.58326140905, 0.0, 917352827, 917352827, 15445.818, 59391.6636205347, 0.0, 0.0
5, 5000, 34289.648, 0.0, 6455433, 6455433, 110.056, 58655.893363378644, 0.0, 0.0
5, 10000, 45275.942592, 0.0, 16862567, 16862567, 286.554, 58846.03600019543, 0.0, 0.0
5, 15000, 54580.079770368, 0.0, 29126661, 29126661, 493.987, 58962.40386892772, 0.0, 0.0
5, 20000, 59805.32831908147, 0.0, 43011589, 43011589, 728.416, 59048.11124412423, 0.0, 0.0
5, 25000, 66886.61331327634, 0.0, 57946641, 57946641, 980.044, 59126.57084783949, 0.0, 0.0
5, 30000, 68264.3144532531, 0.0, 73846125, 73846125, 1247.559, 59192.49109661347, 0.0, 0.0
5, 35000, 77350.92925781301, 0.0, 90594933, 90594933, 1529.097, 59247.34205874448, 0.0, 0.0
5, 40000, 83646.79571703126, 0.0, 108057040, 108057040, 1822.469, 59291.565453239535, 0.0, 0.0
5, 45000, 89213.53118286813, 0.0, 126593493, 126593493, 2133.748, 59329.16773677117, 0.0, 0.0
5, 50000, 91175.62212473148, 0.0, 145835961, 145835961, 2456.82, 59359.64417417637, 0.0, 0.0
5, 55000, 91585.64648849893, 0.0, 165827422, 165827422, 2792.297, 59387.45842580499, 0.0, 0.0
5, 60000, 96027.478585954, 0.0, 186359002, 186359002, 3137.202, 59402.933569467314, 0.0, 0.0
5, 65000, 94015.64591434383, 0.0, 207552292, 207552292, 3493.298, 59414.4249932299, 0.0, 0.0
5, 70000, 105268.76658365739, 0.0, 229154355, 229154355, 3856.278, 59423.71245019161, 0.0, 0.0
5, 75000, 100580.37106633463, 0.0, 251659786, 251659786, 4234.506, 59430.73076292724, 0.0, 0.0
5, 80000, 103000.92948426535, 0.0, 274428213, 274428213, 4617.082, 59437.58698675917, 0.0, 0.0
5, 85000, 107502.75571793705, 0.0, 297479845, 297479845, 5004.431, 59443.29035608644, 0.0, 0.0
5, 90000, 109864.47502287175, 0.0, 321403010, 321403010, 5406.532, 59447.166871480644, 0.0, 0.0
5, 95000, 114722.14590009149, 0.0, 345567814, 345567814, 5812.739, 59450.0826546659, 0.0, 0.0
5, 100000, 118389.56058360037, 0.0, 370151648, 370151648, 6226.295, 59449.74467159041, 0.0, 0.0
5, 105000, 115562.00624233439, 0.0, 395016162, 395016162, 6644.669, 59448.583819600346, 0.0, 0.0
5, 110000, 119837.99202496934, 0.0, 419947892, 419947892, 7064.215, 59447.21274763013, 0.0, 0.0
5, 115000, 115456.90396809988, 0.0, 445208871, 445208871, 7489.511, 59444.31765972438, 0.0, 0.0
5, 120000, 120869.2836158724, 0.0, 470712353, 470712353, 7918.984, 59441.00316404225, 0.0, 0.0
5, 125000, 124108.66113446349, 0.0, 496414111, 496414111, 8352.208, 59435.07525195732, 0.0, 0.0
5, 130000, 119260.01864453785, 0.0, 522740556, 522740556, 8795.76, 59430.970831400584, 0.0, 0.0
5, 135000, 131850.60807457817, 0.0, 548986346, 548986346, 9238.234, 59425.46443400329, 0.0, 0.0
5, 140000, 124958.12243229832, 0.0, 575731911, 575731911, 9689.102, 59420.564568316026, 0.0, 0.0
5, 145000, 134148.37648972918, 0.0, 602441375, 602441375, 10139.524, 59415.15351213726, 0.0, 0.0
5, 150000, 129843.79350595892, 0.0, 629670279, 629670279, 10598.907, 59408.982360162234, 0.0, 0.0
5, 155000, 132187.98317402383, 0.0, 657261212, 657261212, 11064.613, 59402.0967565698, 0.0, 0.0
5, 160000, 126806.5119326961, 0.0, 685189661, 685189661, 11536.271, 59394.37977835298, 0.0, 0.0
5, 165000, 133570.28204773078, 0.0, 713231340, 713231340, 12009.792, 59387.48481239309, 0.0, 0.0
5, 170000, 130672.74512819092, 0.0, 741302516, 741302516, 12483.865, 59380.85008128492, 0.0, 0.0
5, 175000, 139372.94698051276, 0.0, 769688932, 769688932, 12963.57, 59373.222962501844, 0.0, 0.0
5, 180000, 139697.20378792204, 0.0, 798311461, 798311461, 13447.247, 59366.16327490676, 0.0, 0.0
5, 185000, 132747.6528151517, 0.0, 827186347, 827186347, 13935.472, 59358.33009459601, 0.0, 0.0
5, 190000, 134754.0466112606, 0.0, 856064747, 856064747, 14423.88, 59350.51782183435, 0.0, 0.0
5, 195000, 139810.93618644506, 0.0, 885087659, 885087659, 14914.684, 59343.373215282336, 0.0, 0.0
5, 200000, 141597.2757447458, 0.0, 914444894, 914444894, 15411.174, 59336.4849426786, 0.0, 0.0
6, 5000, 33586.32, 0.0, 6211050, 6211050, 105.738, 58739.99886511944, 0.0, 0.0
6, 10000, 44988.87328, 0.0, 16098703, 16098703, 273.059, 58956.8664647567, 0.0, 0.0
6, 15000, 54369.04349312, 0.0, 28060711, 28060711, 475.079, 59065.357551059926, 0.0, 0.0
6, 20000, 61792.00417397248, 0.0, 41665366, 41665366, 704.476, 59143.76926964155, 0.0, 0.0
6, 25000, 62405.360016695886, 0.0, 56596079, 56596079, 955.964, 59203.148863346316, 0.0, 0.0
6, 30000, 71756.75744006678, 0.0, 72462805, 72462805, 1222.885, 59255.61684050422, 0.0, 0.0
6, 35000, 77129.98702976028, 0.0, 89411054, 89411054, 1508.093, 59287.49354317008, 0.0, 0.0
6, 40000, 78713.83194811904, 0.0, 107167172, 107167172, 1806.949, 59308.354580013045, 0.0, 0.0
6, 45000, 86491.89532779247, 0.0, 125818769, 125818769, 2120.888, 59323.62717880435, 0.0, 0.0
6, 50000, 90649.75958131117, 0.0, 145291956, 145291956, 2448.325, 59343.41069915146, 0.0, 0.0
6, 55000, 97762.48703832526, 0.0, 165400762, 165400762, 2786.4, 59360.02081538903, 0.0, 0.0
6, 60000, 99203.3699481533, 0.0, 186255088, 186255088, 3136.998, 59373.67126150543, 0.0, 0.0
6, 65000, 104552.01347979261, 0.0, 207776395, 207776395, 3499.11, 59379.78371643075, 0.0, 0.0
6, 70000, 108217.20005391916, 0.0, 230314804, 230314804, 3878.053, 59389.287356309986, 0.0, 0.0
6, 75000, 105649.23680021567, 0.0, 253720325, 253720325, 4271.35, 59400.49984197033, 0.0, 0.0
6, 80000, 118115.62094720086, 0.0, 277086564, 277086564, 4664.236, 59406.634655707814, 0.0, 0.0
6, 85000, 110310.4944837888, 0.0, 301145128, 301145128, 5068.961, 59409.63601811101, 0.0, 0.0
6, 90000, 119439.01797793515, 0.0, 325787227, 325787227, 5483.677, 59410.36042057182, 0.0, 0.0
6, 95000, 112097.03607191173, 0.0, 350512216, 350512216, 5899.721, 59411.65963610822, 0.0, 0.0
6, 100000, 122771.71614428764, 0.0, 375451815, 375451815, 6319.674, 59409.997256187584, 0.0, 0.0
6, 105000, 119197.10286457714, 0.0, 400908874, 400908874, 6748.693, 59405.4099067775, 0.0, 0.0
6, 110000, 123217.81241145832, 0.0, 426457472, 426457472, 7179.109, 59402.56262998653, 0.0, 0.0
6, 115000, 122877.39924964582, 0.0, 452257883, 452257883, 7614.018, 59398.05802928231, 0.0, 0.0
6, 120000, 119422.91759699858, 0.0, 478551164, 478551164, 8057.421, 59392.59770589125, 0.0, 0.0
6, 125000, 124679.099670388, 0.0, 505090380, 505090380, 8505.227, 59385.878824868516, 0.0, 0.0
6, 130000, 125292.79639868154, 0.0, 531828959, 531828959, 8956.501, 59379.09893606889, 0.0, 0.0
6, 135000, 125926.05118559473, 0.0, 558675188, 558675188, 9409.6, 59372.89449073287, 0.0, 0.0
6, 140000, 121038.34420474237, 0.0, 585959802, 585959802, 9870.163, 59366.78067018751, 0.0, 0.0
6, 145000, 128219.72137681897, 0.0, 613297073, 613297073, 10331.986, 59359.06930187478, 0.0, 0.0
6, 150000, 134562.3028855073, 0.0, 640746337, 640746337, 10795.897, 59350.91238828973, 0.0, 0.0
6, 155000, 136382.68121154202, 0.0, 668379893, 668379893, 11263.189, 59341.97614902849, 0.0, 0.0
6, 160000, 136266.21872484617, 0.0, 696354017, 696354017, 11736.491, 59332.38623026252, 0.0, 0.0
6, 165000, 133808.6168748994, 0.0, 724482458, 724482458, 12212.452, 59323.25940769307, 0.0, 0.0
6, 170000, 134765.2664674996, 0.0, 752910537, 752910537, 12693.403, 59315.10541341829, 0.0, 0.0
6, 175000, 139647.46106586998, 0.0, 781197059, 781197059, 13171.967, 59307.54753637023, 0.0, 0.0
6, 180000, 140791.0538442635, 0.0, 809714826, 809714826, 13654.742, 59299.16698535937, 0.0, 0.0
6, 185000, 140721.32421537707, 0.0, 838599717, 838599717, 14143.596, 59291.83193581038, 0.0, 0.0
6, 190000, 142495.1092968615, 0.0, 867296095, 867296095, 14629.74, 59283.083294713375, 0.0, 0.0
6, 195000, 135465.83643718742, 0.0, 896153302, 896153302, 15118.852, 59273.898706065775, 0.0, 0.0
6, 200000, 143827.75134574875, 0.0, 925412269, 925412269, 15615.254, 59263.35037521643, 0.0, 0.0
7, 5000, 37329.888, 0.0, 6388776, 6388776, 109.006, 58609.397647835896, 0.0, 0.0
7, 10000, 46341.255552, 0.0, 16516675, 16516675, 281.081, 58761.264546518614, 0.0, 0.0
7, 15000, 54128.917022208, 0.0, 28375518, 28375518, 482.295, 58834.36071284172, 0.0, 0.0
7, 20000, 58910.30766808883, 0.0, 41765915, 41765915, 709.396, 58875.31787605231, 0.0, 0.0
7, 25000, 62872.98523067236, 0.0, 56500714, 56500714, 959.544, 58882.879784564335, 0.0, 0.0
7, 30000, 74436.70794092269, 0.0, 72270097, 72270097, 1227.304, 58885.24522041808, 0.0, 0.0
7, 35000, 76120.25883176368, 0.0, 89237338, 89237338, 1515.238, 58893.281451494746, 0.0, 0.0
7, 40000, 83255.80903532705, 0.0, 107087169, 107087169, 1817.795, 58910.47615380172, 0.0, 0.0
7, 45000, 83495.5032361413, 0.0, 126037032, 126037032, 2138.672, 58932.380467879135, 0.0, 0.0
7, 50000, 87900.17401294457, 0.0, 145625356, 145625356, 2470.208, 58952.669572764724, 0.0, 0.0
7, 55000, 97262.49669605178, 0.0, 165985628, 165985628, 2814.784, 58969.22392624088, 0.0, 0.0
7, 60000, 100300.9219867842, 0.0, 187140818, 187140818, 3172.783, 58983.17596885763, 0.0, 0.0
7, 65000, 100651.31568794714, 0.0, 209058479, 209058479, 3543.398, 58999.43472339263, 0.0, 0.0
7, 70000, 115022.46126275179, 0.0, 231751387, 231751387, 3927.103, 59013.320251595134, 0.0, 0.0
7, 75000, 112425.43384505101, 0.0, 255040219, 255040219, 4320.652, 59028.178848932985, 0.0, 0.0
7, 80000, 110421.4297353802, 0.0, 278754552, 278754552, 4721.321, 59041.64364168418, 0.0, 0.0
7, 85000, 118516.85371894152, 0.0, 302863024, 302863024, 5128.918, 59050.08112822237, 0.0, 0.0
7, 90000, 123248.45141487577, 0.0, 327583832, 327583832, 5546.634, 59059.93292508573, 0.0, 0.0
7, 95000, 121850.9618056595, 0.0, 352665463, 352665463, 5970.357, 59069.40958471998, 0.0, 0.0
7, 100000, 119089.13184722264, 0.0, 377904611, 377904611, 6396.965, 59075.610230789134, 0.0, 0.0
7, 105000, 123595.17252738889, 0.0, 403638277, 403638277, 6832.168, 59079.09129283707, 0.0, 0.0
7, 110000, 129573.46869010956, 0.0, 429596681, 429596681, 7271.343, 59080.78892716242, 0.0, 0.0
7, 115000, 125960.85387476043, 0.0, 455668075, 455668075, 7712.555, 59081.33880406687, 0.0, 0.0
7, 120000, 123735.28341549904, 0.0, 482299178, 482299178, 8163.299, 59081.40544649902, 0.0, 0.0
7, 125000, 120517.853133662, 0.0, 508946970, 508946970, 8614.582, 59079.70578259049, 0.0, 0.0
7, 130000, 130236.77541253465, 0.0, 535928054, 535928054, 9072.227, 59073.48372125168, 0.0, 0.0
7, 135000, 126055.07510165013, 0.0, 563158480, 563158480, 9534.222, 59067.06179067364, 0.0, 0.0
7, 140000, 133588.0603004066, 0.0, 590580219, 590580219, 9999.645, 59060.11853420796, 0.0, 0.0
7, 145000, 128665.85624120162, 0.0, 618308206, 618308206, 10470.483, 59052.5008254156, 0.0, 0.0
7, 150000, 135885.4634249648, 0.0, 646348591, 646348591, 10947.111, 59042.84619019575, 0.0, 0.0
7, 155000, 131176.32585369988, 0.0, 674261676, 674261676, 11421.534, 59034.24846434814, 0.0, 0.0
7, 160000, 135251.6333034148, 0.0, 702465389, 702465389, 11900.977, 59025.85888536714, 0.0, 0.0
7, 165000, 136303.79053321367, 0.0, 730902959, 730902959, 12384.185, 59019.06011578477, 0.0, 0.0
7, 170000, 137705.56716213285, 0.0, 759828712, 759828712, 12875.672, 59012.74216988441, 0.0, 0.0
7, 175000, 143810.11826864854, 0.0, 788862926, 788862926, 13369.033, 59006.730404510185, 0.0, 0.0
7, 180000, 138656.26447307458, 0.0, 817514109, 817514109, 13856.379, 58999.1157863104, 0.0, 0.0
7, 185000, 142805.9850578923, 0.0, 846694237, 846694237, 14353.131, 58990.21175240441, 0.0, 0.0
7, 190000, 146209.89594023157, 0.0, 876068730, 876068730, 14853.535, 58980.48713656379, 0.0, 0.0
7, 195000, 144438.58358376092, 0.0, 905432342, 905432342, 15356.265, 58961.75547895273, 0.0, 0.0
7, 200000, 145439.09833433502, 0.0, 934859059, 934859059, 15857.533, 58953.6253211644, 0.0, 0.0
8, 5000, 31363.584, 0.0, 6362278, 6362278, 108.217, 58791.85340565715, 0.0, 0.0
8, 10000, 47307.43833599999, 0.0, 16432167, 16432167, 278.403, 59022.95233887566, 0.0, 0.0
8, 15000, 54781.837753344, 0.0, 28465405, 28465405, 481.213, 59153.44140744327, 0.0, 0.0
8, 20000, 58654.13535101338, 0.0, 41973023, 41973023, 708.671, 59227.79823077281, 0.0, 0.0
8, 25000, 66417.83254140406, 0.0, 56696886, 56696886, 956.361, 59283.97958511483, 0.0, 0.0
8, 30000, 73613.67133016563, 0.0, 72478027, 72478027, 1221.801, 59320.64796149291, 0.0, 0.0
8, 35000, 75202.51868532065, 0.0, 89194784, 89194784, 1502.808, 59352.08223538868, 0.0, 0.0
8, 40000, 79082.63407474128, 0.0, 107068281, 107068281, 1803.13, 59379.12463327657, 0.0, 0.0
8, 45000, 84098.68253629896, 0.0, 125749339, 125749339, 2117.113, 59396.61180107061, 0.0, 0.0
8, 50000, 88205.21073014519, 0.0, 145354090, 145354090, 2446.491, 59413.294387757815, 0.0, 0.0
8, 55000, 101178.72484292056, 0.0, 165360138, 165360138, 2782.8, 59422.21431651573, 0.0, 0.0
8, 60000, 100196.39489937168, 0.0, 186290388, 186290388, 3134.234, 59437.29408844394, 0.0, 0.0
8, 65000, 100169.13757959749, 0.0, 207996135, 207996135, 3498.72, 59449.208567704765, 0.0, 0.0
8, 70000, 102781.2205503184, 0.0, 230555781, 230555781, 3877.734, 59456.31675612613, 0.0, 0.0
8, 75000, 109153.65288220126, 0.0, 253417167, 253417167, 4261.833, 59462.01247209828, 0.0, 0.0
8, 80000, 110357.95861152881, 0.0, 276755550, 276755550, 4653.991, 59466.28388409002, 0.0, 0.0
8, 85000, 116478.88783444611, 0.0, 300353329, 300353329, 5050.715, 59467.487078562146, 0.0, 0.0
8, 90000, 114265.61155133777, 0.0, 324524744, 324524744, 5457.494, 59464.05877862624, 0.0, 0.0
8, 95000, 121800.03844620535, 0.0, 349318797, 349318797, 5874.755, 59460.99828843926, 0.0, 0.0
8, 100000, 118804.35215378481, 0.0, 374461438, 374461438, 6298.249, 59454.848164942356, 0.0, 0.0
8, 105000, 116020.06540861515, 0.0, 399896731, 399896731, 6726.462, 59451.273343995694, 0.0, 0.0
8, 110000, 123919.04026163447, 0.0, 425456378, 425456378, 7156.66, 59449.01364603041, 0.0, 0.0
8, 115000, 125693.42016104654, 0.0, 451357210, 451357210, 7592.96, 59444.17065281524, 0.0, 0.0
8, 120000, 123576.61368064418, 0.0, 477645926, 477645926, 8035.912, 59438.919440631005, 0.0, 0.0
8, 125000, 127275.60245472258, 0.0, 504050815, 504050815, 8480.652, 59435.38480296091, 0.0, 0.0
8, 130000, 135663.4864098189, 0.0, 531144035, 531144035, 8937.125, 59431.19683343357, 0.0, 0.0
8, 135000, 124864.90994563929, 0.0, 558062014, 558062014, 9391.078, 59424.702254629345, 0.0, 0.0
8, 140000, 127267.45963978255, 0.0, 585388059, 585388059, 9852.177, 59417.12770690174, 0.0, 0.0
8, 145000, 136183.61383855913, 0.0, 612898732, 612898732, 10316.594, 59409.01929454625, 0.0, 0.0
8, 150000, 128939.37445535425, 0.0, 640611194, 640611194, 10784.332, 59402.028238744875, 0.0, 0.0
8, 155000, 134234.8934978214, 0.0, 668697643, 668697643, 11258.654, 59394.101905964955, 0.0, 0.0
8, 160000, 130332.55557399128, 0.0, 696875613, 696875613, 11734.852, 59385.12160187448, 0.0, 0.0
8, 165000, 136623.76222229598, 0.0, 724867123, 724867123, 12207.998, 59376.412332308704, 0.0, 0.0
8, 170000, 140304.0630488892, 0.0, 753418298, 753418298, 12690.487, 59368.74589604008, 0.0, 0.0
8, 175000, 141069.39225219554, 0.0, 782171949, 782171949, 13176.69, 59360.27553201904, 0.0, 0.0
8, 180000, 142836.51756900878, 0.0, 811170470, 811170470, 13667.392, 59350.78689482236, 0.0, 0.0
8, 185000, 142889.570070276, 0.0, 840440895, 840440895, 14162.811, 59341.39027909078, 0.0, 0.0
8, 190000, 138268.8062802811, 0.0, 869819976, 869819976, 14660.251, 59331.86109842185, 0.0, 0.0
8, 195000, 136913.50722512114, 0.0, 899330521, 899330521, 15159.995, 59322.613299014934, 0.0, 0.0
8, 200000, 144375.92602890052, 0.0, 928796636, 928796636, 15659.375, 59312.4972101377, 0.0, 0.0
9, 5000, 33114.88, 0.0, 6441865, 6441865, 109.977, 58574.65651909036, 0.0, 0.0
9, 10000, 46204.57152, 0.0, 16450679, 16450679, 280.191, 58712.37477292276, 0.0, 0.0
9, 15000, 55578.41828608, 0.0, 28401036, 28401036, 482.952, 58807.16096009541, 0.0, 0.0
9, 20000, 60407.92967314432, 0.0, 41693520, 41693520, 705.762, 59075.892439660965, 0.0, 0.0
9, 25000, 64026.319718692575, 0.0, 56177046, 56177046, 944.829, 59457.368476200456, 0.0, 0.0
9, 30000, 75549.43327887477, 0.0, 71786848, 71786848, 1202.582, 59693.93188988359, 0.0, 0.0
9, 35000, 77297.26973311549, 0.0, 88510922, 88510922, 1478.774, 59854.25900103735, 0.0, 0.0
9, 40000, 78694.85307893246, 0.0, 106081269, 106081269, 1768.782, 59974.19071428814, 0.0, 0.0
9, 45000, 85972.47541231573, 0.0, 124798037, 124798037, 2077.361, 60075.27675738594, 0.0, 0.0
9, 50000, 88928.36990164926, 0.0, 144358602, 144358602, 2399.576, 60160.04577475354, 0.0, 0.0
9, 55000, 95681.1374796066, 0.0, 164429617, 164429617, 2730.027, 60230.03325608135, 0.0, 0.0
9, 60000, 99054.53254991843, 0.0, 185323184, 185323184, 3073.668, 60293.819631788465, 0.0, 0.0
9, 65000, 101943.96213019967, 0.0, 206977715, 206977715, 3429.92, 60344.764600923634, 0.0, 0.0
9, 70000, 105497.3598485208, 0.0, 229441983, 229441983, 3799.386, 60389.22683823123, 0.0, 0.0
9, 75000, 105711.10943939409, 0.0, 252529969, 252529969, 4179.052, 60427.57280837856, 0.0, 0.0
9, 80000, 113125.58043775758, 0.0, 276403147, 276403147, 4571.93, 60456.55707764554, 0.0, 0.0
9, 85000, 118427.73432175104, 0.0, 300404730, 300404730, 4966.964, 60480.55311051178, 0.0, 0.0
9, 90000, 117228.030937287, 0.0, 325002232, 325002232, 5372.093, 60498.251240252175, 0.0, 0.0
9, 95000, 116803.28012374915, 0.0, 349966724, 349966724, 5783.412, 60512.15510843771, 0.0, 0.0
9, 100000, 121527.80512049499, 0.0, 375308636, 375308636, 6200.773, 60526.1047292007, 0.0, 0.0
9, 105000, 123146.03122048198, 0.0, 400695405, 400695405, 6618.953, 60537.58124585565, 0.0, 0.0
9, 110000, 120087.92812488192, 0.0, 426519247, 426519247, 7044.329, 60547.888521390756, 0.0, 0.0
9, 115000, 122582.19171249952, 0.0, 452777676, 452777676, 7477.078, 60555.43034324371, 0.0, 0.0
9, 120000, 122099.17676685, 0.0, 479005747, 479005747, 7909.407, 60561.524650330924, 0.0, 0.0
9, 125000, 126142.2847070674, 0.0, 505561074, 505561074, 8347.335, 60565.566614973526, 0.0, 0.0
9, 130000, 128160.80913882828, 0.0, 532410683, 532410683, 8790.036, 60569.79550481932, 0.0, 0.0
9, 135000, 121984.24323655531, 0.0, 559601087, 559601087, 9238.426, 60573.206626323576, 0.0, 0.0
9, 140000, 135041.21697294622, 0.0, 586852348, 586852348, 9687.865, 60576.024542043066, 0.0, 0.0
9, 145000, 132143.9568678918, 0.0, 614331993, 614331993, 10141.394, 60576.681371416984, 0.0, 0.0
9, 150000, 133517.19982747157, 0.0, 642207581, 642207581, 10601.476, 60577.18576168073, 0.0, 0.0
9, 155000, 135063.71679930988, 0.0, 670175451, 670175451, 11063.254, 60576.70293025903, 0.0, 0.0
9, 160000, 139717.61486719723, 0.0, 698520291, 698520291, 11531.35, 60575.76008012938, 0.0, 0.0
9, 165000, 145018.77445946878, 0.0, 727015133, 727015133, 12002.075, 60574.12014172549, 0.0, 0.0
9, 170000, 140416.81109783787, 0.0, 755481637, 755481637, 12472.366, 60572.43966381359, 0.0, 0.0
9, 175000, 135756.89924439136, 0.0, 784255396, 784255396, 12947.831, 60570.407197931454, 0.0, 0.0
9, 180000, 135640.51559697755, 0.0, 812849344, 812849344, 13420.433, 60568.041582562946, 0.0, 0.0
9, 185000, 137945.17006238792, 0.0, 841873166, 841873166, 13900.725, 60563.255945283425, 0.0, 0.0
9, 190000, 145815.81268024954, 0.0, 870896951, 870896951, 14381.216, 60557.94941123198, 0.0, 0.0
9, 195000, 143536.01525072102, 0.0, 899856069, 899856069, 14860.825, 60552.22835878896, 0.0, 0.0
9, 200000, 140143.23206100287, 0.0, 929089353, 929089353, 15344.974, 60546.81832631323, 0.0, 0.0
