TDNTuple4Agt: USESYM:true, nSym:0, P:4, NORMALIZE:false, sigmoid:tanh, lambda:0.5, horizon:4, AFTERSTATE:false, learnFromRM: true;;;;;;;;;;
TDNTuple4Agt: alpha_init->final:0.2->0.2, eps_init->final:0.2->0.1, gamma: 1.0, random 100 7-tuple, evalQ: 9, evalT: 10, stepRew: -0.04, rewPos: 1.0;;;;;;;;;;
agtFile; run; competeNum; dEdax; iterMWrap; EPS; p_MWrap; c_puct; winrate; time; user2
TCL4-100_7_250k-lam05_P4_H010-FAm-W100-EX1_10.agt.zip;10;1;1;0;1.00E-08;0;1;1;0.513;0
TCL4-100_7_250k-lam05_P4_H010-FAm-W100-EX1_10.agt.zip;10;1;1;0;1.00E-08;1;1;0;0.34;0
TCL4-100_7_250k-lam05_P4_H010-FAm-W100-EX1_10.agt.zip;10;1;2;0;1.00E-08;0;1;0;0.456;0
TCL4-100_7_250k-lam05_P4_H010-FAm-W100-EX1_10.agt.zip;10;1;2;0;1.00E-08;1;1;0;0.289;0
TCL4-100_7_250k-lam05_P4_H010-FAm-W100-EX1_10.agt.zip;10;1;3;0;1.00E-08;0;1;0;0.545;0
TCL4-100_7_250k-lam05_P4_H010-FAm-W100-EX1_10.agt.zip;10;1;3;0;1.00E-08;1;1;0;0.292;0
TCL4-100_7_250k-lam05_P4_H010-FAm-W100-EX1_10.agt.zip;10;1;4;0;1.00E-08;0;1;0;0.499;0
TCL4-100_7_250k-lam05_P4_H010-FAm-W100-EX1_10.agt.zip;10;1;4;0;1.00E-08;1;1;0;0.308;0
TCL4-100_7_250k-lam05_P4_H010-FAm-W100-EX1_10.agt.zip;10;1;5;0;1.00E-08;0;1;0;0.504;0
TCL4-100_7_250k-lam05_P4_H010-FAm-W100-EX1_10.agt.zip;10;1;5;0;1.00E-08;1;1;0;0.303;0
TCL4-100_7_250k-lam05_P4_H010-FAm-W100-EX1_10.agt.zip;10;1;6;0;1.00E-08;0;1;0;0.527;0
TCL4-100_7_250k-lam05_P4_H010-FAm-W100-EX1_10.agt.zip;10;1;6;0;1.00E-08;1;1;0;0.403;0
TCL4-100_7_250k-lam05_P4_H010-FAm-W100-EX1_10.agt.zip;10;1;7;0;1.00E-08;0;1;0;0.554;0
TCL4-100_7_250k-lam05_P4_H010-FAm-W100-EX1_10.agt.zip;10;1;7;0;1.00E-08;1;1;0;0.489;0
TCL4-100_7_250k-lam05_P4_H010-FAm-W100-EX1_10.agt.zip;10;1;8;0;1.00E-08;0;1;0;0.702;0
TCL4-100_7_250k-lam05_P4_H010-FAm-W100-EX1_10.agt.zip;10;1;8;0;1.00E-08;1;1;0;0.449;0
TCL4-100_7_250k-lam05_P4_H010-FAm-W100-EX1_10.agt.zip;10;1;9;0;1.00E-08;0;1;0;1.288;0
TCL4-100_7_250k-lam05_P4_H010-FAm-W100-EX1_10.agt.zip;10;1;9;0;1.00E-08;1;1;0;1.001;0
TCL4-100_7_250k-lam05_P4_H010-FAm-W100-EX1_10.agt.zip;10;1;1;10000;1.00E-08;0;1;1;45.59;0
TCL4-100_7_250k-lam05_P4_H010-FAm-W100-EX1_10.agt.zip;10;1;1;10000;1.00E-08;1;1;1;43.271;0
TCL4-100_7_250k-lam05_P4_H010-FAm-W100-EX1_10.agt.zip;10;1;2;10000;1.00E-08;0;1;1;41.739;0
TCL4-100_7_250k-lam05_P4_H010-FAm-W100-EX1_10.agt.zip;10;1;2;10000;1.00E-08;1;1;1;47.177;0
TCL4-100_7_250k-lam05_P4_H010-FAm-W100-EX1_10.agt.zip;10;1;3;10000;1.00E-08;0;1;1;42.938;0
TCL4-100_7_250k-lam05_P4_H010-FAm-W100-EX1_10.agt.zip;10;1;3;10000;1.00E-08;1;1;1;43.072;0
TCL4-100_7_250k-lam05_P4_H010-FAm-W100-EX1_10.agt.zip;10;1;4;10000;1.00E-08;0;1;1;55.195;0
TCL4-100_7_250k-lam05_P4_H010-FAm-W100-EX1_10.agt.zip;10;1;4;10000;1.00E-08;1;1;1;50.648;0
TCL4-100_7_250k-lam05_P4_H010-FAm-W100-EX1_10.agt.zip;10;1;5;10000;1.00E-08;0;1;1;52.114;0
TCL4-100_7_250k-lam05_P4_H010-FAm-W100-EX1_10.agt.zip;10;1;5;10000;1.00E-08;1;1;1;48.979;0
TCL4-100_7_250k-lam05_P4_H010-FAm-W100-EX1_10.agt.zip;10;1;6;10000;1.00E-08;0;1;1;52.06;0
TCL4-100_7_250k-lam05_P4_H010-FAm-W100-EX1_10.agt.zip;10;1;6;10000;1.00E-08;1;1;0;47.503;0
TCL4-100_7_250k-lam05_P4_H010-FAm-W100-EX1_10.agt.zip;10;1;7;10000;1.00E-08;0;1;0;41.592;0
TCL4-100_7_250k-lam05_P4_H010-FAm-W100-EX1_10.agt.zip;10;1;7;10000;1.00E-08;1;1;1;51.173;0
TCL4-100_7_250k-lam05_P4_H010-FAm-W100-EX1_10.agt.zip;10;1;8;10000;1.00E-08;0;1;0;43.146;0
TCL4-100_7_250k-lam05_P4_H010-FAm-W100-EX1_10.agt.zip;10;1;8;10000;1.00E-08;1;1;1;49.174;0
TCL4-100_7_250k-lam05_P4_H010-FAm-W100-EX1_10.agt.zip;10;1;9;10000;1.00E-08;0;1;0;42.886;0
TCL4-100_7_250k-lam05_P4_H010-FAm-W100-EX1_10.agt.zip;10;1;9;10000;1.00E-08;1;1;0.5;42.311;0
TCL4-100_7_250k-lam05_P4_H010-FAm-W100-EX1_11.agt.zip;11;1;1;0;1.00E-08;0;1;1;0.493;0
TCL4-100_7_250k-lam05_P4_H010-FAm-W100-EX1_11.agt.zip;11;1;1;0;1.00E-08;1;1;1;0.295;0
TCL4-100_7_250k-lam05_P4_H010-FAm-W100-EX1_11.agt.zip;11;1;2;0;1.00E-08;0;1;1;0.452;0
TCL4-100_7_250k-lam05_P4_H010-FAm-W100-EX1_11.agt.zip;11;1;2;0;1.00E-08;1;1;0;0.239;0
TCL4-100_7_250k-lam05_P4_H010-FAm-W100-EX1_11.agt.zip;11;1;3;0;1.00E-08;0;1;0;0.404;0
TCL4-100_7_250k-lam05_P4_H010-FAm-W100-EX1_11.agt.zip;11;1;3;0;1.00E-08;1;1;0;0.253;0
TCL4-100_7_250k-lam05_P4_H010-FAm-W100-EX1_11.agt.zip;11;1;4;0;1.00E-08;0;1;0;0.438;0
TCL4-100_7_250k-lam05_P4_H010-FAm-W100-EX1_11.agt.zip;11;1;4;0;1.00E-08;1;1;0;0.255;0
TCL4-100_7_250k-lam05_P4_H010-FAm-W100-EX1_11.agt.zip;11;1;5;0;1.00E-08;0;1;0;0.435;0
TCL4-100_7_250k-lam05_P4_H010-FAm-W100-EX1_11.agt.zip;11;1;5;0;1.00E-08;1;1;0;0.28;0
TCL4-100_7_250k-lam05_P4_H010-FAm-W100-EX1_11.agt.zip;11;1;6;0;1.00E-08;0;1;0;0.511;0
TCL4-100_7_250k-lam05_P4_H010-FAm-W100-EX1_11.agt.zip;11;1;6;0;1.00E-08;1;1;0;0.409;0
TCL4-100_7_250k-lam05_P4_H010-FAm-W100-EX1_11.agt.zip;11;1;7;0;1.00E-08;0;1;0;0.551;0
TCL4-100_7_250k-lam05_P4_H010-FAm-W100-EX1_11.agt.zip;11;1;7;0;1.00E-08;1;1;0;0.423;0
TCL4-100_7_250k-lam05_P4_H010-FAm-W100-EX1_11.agt.zip;11;1;8;0;1.00E-08;0;1;0;0.79;0
TCL4-100_7_250k-lam05_P4_H010-FAm-W100-EX1_11.agt.zip;11;1;8;0;1.00E-08;1;1;0;0.601;0
TCL4-100_7_250k-lam05_P4_H010-FAm-W100-EX1_11.agt.zip;11;1;9;0;1.00E-08;0;1;0;0.909;0
TCL4-100_7_250k-lam05_P4_H010-FAm-W100-EX1_11.agt.zip;11;1;9;0;1.00E-08;1;1;0;0.871;0
TCL4-100_7_250k-lam05_P4_H010-FAm-W100-EX1_11.agt.zip;11;1;1;10000;1.00E-08;0;1;1;44.432;0
TCL4-100_7_250k-lam05_P4_H010-FAm-W100-EX1_11.agt.zip;11;1;1;10000;1.00E-08;1;1;1;39.081;0
TCL4-100_7_250k-lam05_P4_H010-FAm-W100-EX1_11.agt.zip;11;1;2;10000;1.00E-08;0;1;1;43.549;0
TCL4-100_7_250k-lam05_P4_H010-FAm-W100-EX1_11.agt.zip;11;1;2;10000;1.00E-08;1;1;1;40.7;0
TCL4-100_7_250k-lam05_P4_H010-FAm-W100-EX1_11.agt.zip;11;1;3;10000;1.00E-08;0;1;1;41.134;0
TCL4-100_7_250k-lam05_P4_H010-FAm-W100-EX1_11.agt.zip;11;1;3;10000;1.00E-08;1;1;1;39.612;0
TCL4-100_7_250k-lam05_P4_H010-FAm-W100-EX1_11.agt.zip;11;1;4;10000;1.00E-08;0;1;1;43.128;0
TCL4-100_7_250k-lam05_P4_H010-FAm-W100-EX1_11.agt.zip;11;1;4;10000;1.00E-08;1;1;1;40.517;0
TCL4-100_7_250k-lam05_P4_H010-FAm-W100-EX1_11.agt.zip;11;1;5;10000;1.00E-08;0;1;1;43.369;0
TCL4-100_7_250k-lam05_P4_H010-FAm-W100-EX1_11.agt.zip;11;1;5;10000;1.00E-08;1;1;0;48.316;0
TCL4-100_7_250k-lam05_P4_H010-FAm-W100-EX1_11.agt.zip;11;1;6;10000;1.00E-08;0;1;1;42.984;0
TCL4-100_7_250k-lam05_P4_H010-FAm-W100-EX1_11.agt.zip;11;1;6;10000;1.00E-08;1;1;0;44.553;0
TCL4-100_7_250k-lam05_P4_H010-FAm-W100-EX1_11.agt.zip;11;1;7;10000;1.00E-08;0;1;1;44.041;0
TCL4-100_7_250k-lam05_P4_H010-FAm-W100-EX1_11.agt.zip;11;1;7;10000;1.00E-08;1;1;1;44.379;0
TCL4-100_7_250k-lam05_P4_H010-FAm-W100-EX1_11.agt.zip;11;1;8;10000;1.00E-08;0;1;0.5;44.329;0
TCL4-100_7_250k-lam05_P4_H010-FAm-W100-EX1_11.agt.zip;11;1;8;10000;1.00E-08;1;1;1;43.272;0
TCL4-100_7_250k-lam05_P4_H010-FAm-W100-EX1_11.agt.zip;11;1;9;10000;1.00E-08;0;1;0;44.9;0
TCL4-100_7_250k-lam05_P4_H010-FAm-W100-EX1_11.agt.zip;11;1;9;10000;1.00E-08;1;1;0;44.029;0
TCL4-100_7_250k-lam05_P4_H010-FAm-W100-EX1_12.agt.zip;12;1;1;0;1.00E-08;0;1;1;0.471;0
TCL4-100_7_250k-lam05_P4_H010-FAm-W100-EX1_12.agt.zip;12;1;1;0;1.00E-08;1;1;1;0.256;0
TCL4-100_7_250k-lam05_P4_H010-FAm-W100-EX1_12.agt.zip;12;1;2;0;1.00E-08;0;1;1;0.462;0
TCL4-100_7_250k-lam05_P4_H010-FAm-W100-EX1_12.agt.zip;12;1;2;0;1.00E-08;1;1;1;0.395;0
TCL4-100_7_250k-lam05_P4_H010-FAm-W100-EX1_12.agt.zip;12;1;3;0;1.00E-08;0;1;1;0.522;0
TCL4-100_7_250k-lam05_P4_H010-FAm-W100-EX1_12.agt.zip;12;1;3;0;1.00E-08;1;1;0;0.31;0
TCL4-100_7_250k-lam05_P4_H010-FAm-W100-EX1_12.agt.zip;12;1;4;0;1.00E-08;0;1;0;0.472;0
TCL4-100_7_250k-lam05_P4_H010-FAm-W100-EX1_12.agt.zip;12;1;4;0;1.00E-08;1;1;0;0.293;0
TCL4-100_7_250k-lam05_P4_H010-FAm-W100-EX1_12.agt.zip;12;1;5;0;1.00E-08;0;1;0;0.499;0
TCL4-100_7_250k-lam05_P4_H010-FAm-W100-EX1_12.agt.zip;12;1;5;0;1.00E-08;1;1;0;0.316;0
TCL4-100_7_250k-lam05_P4_H010-FAm-W100-EX1_12.agt.zip;12;1;6;0;1.00E-08;0;1;0;0.636;0
TCL4-100_7_250k-lam05_P4_H010-FAm-W100-EX1_12.agt.zip;12;1;6;0;1.00E-08;1;1;0;0.41;0
TCL4-100_7_250k-lam05_P4_H010-FAm-W100-EX1_12.agt.zip;12;1;7;0;1.00E-08;0;1;0;0.614;0
TCL4-100_7_250k-lam05_P4_H010-FAm-W100-EX1_12.agt.zip;12;1;7;0;1.00E-08;1;1;0;0.481;0
TCL4-100_7_250k-lam05_P4_H010-FAm-W100-EX1_12.agt.zip;12;1;8;0;1.00E-08;0;1;0;0.884;0
TCL4-100_7_250k-lam05_P4_H010-FAm-W100-EX1_12.agt.zip;12;1;8;0;1.00E-08;1;1;0;0.755;0
TCL4-100_7_250k-lam05_P4_H010-FAm-W100-EX1_12.agt.zip;12;1;9;0;1.00E-08;0;1;0;0.918;0
TCL4-100_7_250k-lam05_P4_H010-FAm-W100-EX1_12.agt.zip;12;1;9;0;1.00E-08;1;1;0;0.889;0
TCL4-100_7_250k-lam05_P4_H010-FAm-W100-EX1_12.agt.zip;12;1;1;10000;1.00E-08;0;1;1;44.103;0
TCL4-100_7_250k-lam05_P4_H010-FAm-W100-EX1_12.agt.zip;12;1;1;10000;1.00E-08;1;1;1;42.475;0
TCL4-100_7_250k-lam05_P4_H010-FAm-W100-EX1_12.agt.zip;12;1;2;10000;1.00E-08;0;1;1;41.389;0
TCL4-100_7_250k-lam05_P4_H010-FAm-W100-EX1_12.agt.zip;12;1;2;10000;1.00E-08;1;1;1;46.203;0
TCL4-100_7_250k-lam05_P4_H010-FAm-W100-EX1_12.agt.zip;12;1;3;10000;1.00E-08;0;1;1;43.617;0
TCL4-100_7_250k-lam05_P4_H010-FAm-W100-EX1_12.agt.zip;12;1;3;10000;1.00E-08;1;1;1;45.226;0
TCL4-100_7_250k-lam05_P4_H010-FAm-W100-EX1_12.agt.zip;12;1;4;10000;1.00E-08;0;1;1;43.506;0
TCL4-100_7_250k-lam05_P4_H010-FAm-W100-EX1_12.agt.zip;12;1;4;10000;1.00E-08;1;1;1;43.123;0
TCL4-100_7_250k-lam05_P4_H010-FAm-W100-EX1_12.agt.zip;12;1;5;10000;1.00E-08;0;1;1;42.262;0
TCL4-100_7_250k-lam05_P4_H010-FAm-W100-EX1_12.agt.zip;12;1;5;10000;1.00E-08;1;1;0;44.297;0
TCL4-100_7_250k-lam05_P4_H010-FAm-W100-EX1_12.agt.zip;12;1;6;10000;1.00E-08;0;1;0.5;44.522;0
TCL4-100_7_250k-lam05_P4_H010-FAm-W100-EX1_12.agt.zip;12;1;6;10000;1.00E-08;1;1;1;44.088;0
TCL4-100_7_250k-lam05_P4_H010-FAm-W100-EX1_12.agt.zip;12;1;7;10000;1.00E-08;0;1;0.5;43.311;0
TCL4-100_7_250k-lam05_P4_H010-FAm-W100-EX1_12.agt.zip;12;1;7;10000;1.00E-08;1;1;1;40.981;0
TCL4-100_7_250k-lam05_P4_H010-FAm-W100-EX1_12.agt.zip;12;1;8;10000;1.00E-08;0;1;0;47.633;0
TCL4-100_7_250k-lam05_P4_H010-FAm-W100-EX1_12.agt.zip;12;1;8;10000;1.00E-08;1;1;0;41.423;0
TCL4-100_7_250k-lam05_P4_H010-FAm-W100-EX1_12.agt.zip;12;1;9;10000;1.00E-08;0;1;0;48.222;0
TCL4-100_7_250k-lam05_P4_H010-FAm-W100-EX1_12.agt.zip;12;1;9;10000;1.00E-08;1;1;1;43.072;0
TCL4-100_7_250k-lam05_P4_H010-FAm-W100-EX1_13.agt.zip;13;1;1;0;1.00E-08;0;1;0;0.402;0
TCL4-100_7_250k-lam05_P4_H010-FAm-W100-EX1_13.agt.zip;13;1;1;0;1.00E-08;1;1;0;0.321;0
TCL4-100_7_250k-lam05_P4_H010-FAm-W100-EX1_13.agt.zip;13;1;2;0;1.00E-08;0;1;1;0.46;0
TCL4-100_7_250k-lam05_P4_H010-FAm-W100-EX1_13.agt.zip;13;1;2;0;1.00E-08;1;1;0;0.262;0
TCL4-100_7_250k-lam05_P4_H010-FAm-W100-EX1_13.agt.zip;13;1;3;0;1.00E-08;0;1;0;0.435;0
TCL4-100_7_250k-lam05_P4_H010-FAm-W100-EX1_13.agt.zip;13;1;3;0;1.00E-08;1;1;0;0.312;0
TCL4-100_7_250k-lam05_P4_H010-FAm-W100-EX1_13.agt.zip;13;1;4;0;1.00E-08;0;1;0;0.541;0
TCL4-100_7_250k-lam05_P4_H010-FAm-W100-EX1_13.agt.zip;13;1;4;0;1.00E-08;1;1;0;0.323;0
TCL4-100_7_250k-lam05_P4_H010-FAm-W100-EX1_13.agt.zip;13;1;5;0;1.00E-08;0;1;0;0.514;0
TCL4-100_7_250k-lam05_P4_H010-FAm-W100-EX1_13.agt.zip;13;1;5;0;1.00E-08;1;1;0;0.299;0
TCL4-100_7_250k-lam05_P4_H010-FAm-W100-EX1_13.agt.zip;13;1;6;0;1.00E-08;0;1;0;0.548;0
TCL4-100_7_250k-lam05_P4_H010-FAm-W100-EX1_13.agt.zip;13;1;6;0;1.00E-08;1;1;0;0.397;0
TCL4-100_7_250k-lam05_P4_H010-FAm-W100-EX1_13.agt.zip;13;1;7;0;1.00E-08;0;1;0;0.637;0
TCL4-100_7_250k-lam05_P4_H010-FAm-W100-EX1_13.agt.zip;13;1;7;0;1.00E-08;1;1;0;0.48;0
TCL4-100_7_250k-lam05_P4_H010-FAm-W100-EX1_13.agt.zip;13;1;8;0;1.00E-08;0;1;0;0.777;0
TCL4-100_7_250k-lam05_P4_H010-FAm-W100-EX1_13.agt.zip;13;1;8;0;1.00E-08;1;1;0;0.566;0
TCL4-100_7_250k-lam05_P4_H010-FAm-W100-EX1_13.agt.zip;13;1;9;0;1.00E-08;0;1;0;1.011;0
TCL4-100_7_250k-lam05_P4_H010-FAm-W100-EX1_13.agt.zip;13;1;9;0;1.00E-08;1;1;0;0.959;0
TCL4-100_7_250k-lam05_P4_H010-FAm-W100-EX1_13.agt.zip;13;1;1;10000;1.00E-08;0;1;1;40.613;0
TCL4-100_7_250k-lam05_P4_H010-FAm-W100-EX1_13.agt.zip;13;1;1;10000;1.00E-08;1;1;1;44.398;0
TCL4-100_7_250k-lam05_P4_H010-FAm-W100-EX1_13.agt.zip;13;1;2;10000;1.00E-08;0;1;1;43.454;0
TCL4-100_7_250k-lam05_P4_H010-FAm-W100-EX1_13.agt.zip;13;1;2;10000;1.00E-08;1;1;1;44.603;0
TCL4-100_7_250k-lam05_P4_H010-FAm-W100-EX1_13.agt.zip;13;1;3;10000;1.00E-08;0;1;1;40.84;0
TCL4-100_7_250k-lam05_P4_H010-FAm-W100-EX1_13.agt.zip;13;1;3;10000;1.00E-08;1;1;1;46.647;0
TCL4-100_7_250k-lam05_P4_H010-FAm-W100-EX1_13.agt.zip;13;1;4;10000;1.00E-08;0;1;1;44.108;0
TCL4-100_7_250k-lam05_P4_H010-FAm-W100-EX1_13.agt.zip;13;1;4;10000;1.00E-08;1;1;1;44.292;0
TCL4-100_7_250k-lam05_P4_H010-FAm-W100-EX1_13.agt.zip;13;1;5;10000;1.00E-08;0;1;1;42.185;0
TCL4-100_7_250k-lam05_P4_H010-FAm-W100-EX1_13.agt.zip;13;1;5;10000;1.00E-08;1;1;0.5;42.127;0
TCL4-100_7_250k-lam05_P4_H010-FAm-W100-EX1_13.agt.zip;13;1;6;10000;1.00E-08;0;1;1;41.735;0
TCL4-100_7_250k-lam05_P4_H010-FAm-W100-EX1_13.agt.zip;13;1;6;10000;1.00E-08;1;1;0;39.594;0
TCL4-100_7_250k-lam05_P4_H010-FAm-W100-EX1_13.agt.zip;13;1;7;10000;1.00E-08;0;1;0.5;41.442;0
TCL4-100_7_250k-lam05_P4_H010-FAm-W100-EX1_13.agt.zip;13;1;7;10000;1.00E-08;1;1;1;40.791;0
TCL4-100_7_250k-lam05_P4_H010-FAm-W100-EX1_13.agt.zip;13;1;8;10000;1.00E-08;0;1;0;41.127;0
TCL4-100_7_250k-lam05_P4_H010-FAm-W100-EX1_13.agt.zip;13;1;8;10000;1.00E-08;1;1;0;40.63;0
TCL4-100_7_250k-lam05_P4_H010-FAm-W100-EX1_13.agt.zip;13;1;9;10000;1.00E-08;0;1;0;40.411;0
TCL4-100_7_250k-lam05_P4_H010-FAm-W100-EX1_13.agt.zip;13;1;9;10000;1.00E-08;1;1;1;43.919;0
TCL4-100_7_250k-lam05_P4_H010-FAm-W100-EX1_14.agt.zip;14;1;1;0;1.00E-08;0;1;0;0.413;0
TCL4-100_7_250k-lam05_P4_H010-FAm-W100-EX1_14.agt.zip;14;1;1;0;1.00E-08;1;1;0;0.238;0
TCL4-100_7_250k-lam05_P4_H010-FAm-W100-EX1_14.agt.zip;14;1;2;0;1.00E-08;0;1;1;0.42;0
TCL4-100_7_250k-lam05_P4_H010-FAm-W100-EX1_14.agt.zip;14;1;2;0;1.00E-08;1;1;1;0.26;0
TCL4-100_7_250k-lam05_P4_H010-FAm-W100-EX1_14.agt.zip;14;1;3;0;1.00E-08;0;1;0;0.408;0
TCL4-100_7_250k-lam05_P4_H010-FAm-W100-EX1_14.agt.zip;14;1;3;0;1.00E-08;1;1;0;0.26;0
TCL4-100_7_250k-lam05_P4_H010-FAm-W100-EX1_14.agt.zip;14;1;4;0;1.00E-08;0;1;0;0.416;0
TCL4-100_7_250k-lam05_P4_H010-FAm-W100-EX1_14.agt.zip;14;1;4;0;1.00E-08;1;1;0;0.266;0
TCL4-100_7_250k-lam05_P4_H010-FAm-W100-EX1_14.agt.zip;14;1;5;0;1.00E-08;0;1;0;0.464;0
TCL4-100_7_250k-lam05_P4_H010-FAm-W100-EX1_14.agt.zip;14;1;5;0;1.00E-08;1;1;0;0.279;0
TCL4-100_7_250k-lam05_P4_H010-FAm-W100-EX1_14.agt.zip;14;1;6;0;1.00E-08;0;1;0;0.553;0
TCL4-100_7_250k-lam05_P4_H010-FAm-W100-EX1_14.agt.zip;14;1;6;0;1.00E-08;1;1;0;0.379;0
TCL4-100_7_250k-lam05_P4_H010-FAm-W100-EX1_14.agt.zip;14;1;7;0;1.00E-08;0;1;0;0.533;0
TCL4-100_7_250k-lam05_P4_H010-FAm-W100-EX1_14.agt.zip;14;1;7;0;1.00E-08;1;1;0;0.405;0
TCL4-100_7_250k-lam05_P4_H010-FAm-W100-EX1_14.agt.zip;14;1;8;0;1.00E-08;0;1;0;0.776;0
TCL4-100_7_250k-lam05_P4_H010-FAm-W100-EX1_14.agt.zip;14;1;8;0;1.00E-08;1;1;0;0.572;0
TCL4-100_7_250k-lam05_P4_H010-FAm-W100-EX1_14.agt.zip;14;1;9;0;1.00E-08;0;1;0;0.925;0
TCL4-100_7_250k-lam05_P4_H010-FAm-W100-EX1_14.agt.zip;14;1;9;0;1.00E-08;1;1;0;0.876;0
TCL4-100_7_250k-lam05_P4_H010-FAm-W100-EX1_14.agt.zip;14;1;1;10000;1.00E-08;0;1;1;38.061;0
TCL4-100_7_250k-lam05_P4_H010-FAm-W100-EX1_14.agt.zip;14;1;1;10000;1.00E-08;1;1;1;38.601;0
TCL4-100_7_250k-lam05_P4_H010-FAm-W100-EX1_14.agt.zip;14;1;2;10000;1.00E-08;0;1;1;39.938;0
TCL4-100_7_250k-lam05_P4_H010-FAm-W100-EX1_14.agt.zip;14;1;2;10000;1.00E-08;1;1;1;39.242;0
TCL4-100_7_250k-lam05_P4_H010-FAm-W100-EX1_14.agt.zip;14;1;3;10000;1.00E-08;0;1;1;40.304;0
TCL4-100_7_250k-lam05_P4_H010-FAm-W100-EX1_14.agt.zip;14;1;3;10000;1.00E-08;1;1;1;38.656;0
TCL4-100_7_250k-lam05_P4_H010-FAm-W100-EX1_14.agt.zip;14;1;4;10000;1.00E-08;0;1;1;37.971;0
TCL4-100_7_250k-lam05_P4_H010-FAm-W100-EX1_14.agt.zip;14;1;4;10000;1.00E-08;1;1;1;42.312;0
TCL4-100_7_250k-lam05_P4_H010-FAm-W100-EX1_14.agt.zip;14;1;5;10000;1.00E-08;0;1;1;43.868;0
TCL4-100_7_250k-lam05_P4_H010-FAm-W100-EX1_14.agt.zip;14;1;5;10000;1.00E-08;1;1;1;42.673;0
TCL4-100_7_250k-lam05_P4_H010-FAm-W100-EX1_14.agt.zip;14;1;6;10000;1.00E-08;0;1;0.5;41.319;0
TCL4-100_7_250k-lam05_P4_H010-FAm-W100-EX1_14.agt.zip;14;1;6;10000;1.00E-08;1;1;0;44.421;0
TCL4-100_7_250k-lam05_P4_H010-FAm-W100-EX1_14.agt.zip;14;1;7;10000;1.00E-08;0;1;0;40.819;0
TCL4-100_7_250k-lam05_P4_H010-FAm-W100-EX1_14.agt.zip;14;1;7;10000;1.00E-08;1;1;1;40.705;0
TCL4-100_7_250k-lam05_P4_H010-FAm-W100-EX1_14.agt.zip;14;1;8;10000;1.00E-08;0;1;1;42.938;0
TCL4-100_7_250k-lam05_P4_H010-FAm-W100-EX1_14.agt.zip;14;1;8;10000;1.00E-08;1;1;0;42.807;0
TCL4-100_7_250k-lam05_P4_H010-FAm-W100-EX1_14.agt.zip;14;1;9;10000;1.00E-08;0;1;1;43.879;0
TCL4-100_7_250k-lam05_P4_H010-FAm-W100-EX1_14.agt.zip;14;1;9;10000;1.00E-08;1;1;1;43.44;0
TCL4-100_7_250k-lam05_P4_H010-FAm-W100-EX1_15.agt.zip;15;1;1;0;1.00E-08;0;1;1;0.421;0
TCL4-100_7_250k-lam05_P4_H010-FAm-W100-EX1_15.agt.zip;15;1;1;0;1.00E-08;1;1;0;0.255;0
TCL4-100_7_250k-lam05_P4_H010-FAm-W100-EX1_15.agt.zip;15;1;2;0;1.00E-08;0;1;0;0.412;0
TCL4-100_7_250k-lam05_P4_H010-FAm-W100-EX1_15.agt.zip;15;1;2;0;1.00E-08;1;1;0;0.243;0
TCL4-100_7_250k-lam05_P4_H010-FAm-W100-EX1_15.agt.zip;15;1;3;0;1.00E-08;0;1;0;0.441;0
TCL4-100_7_250k-lam05_P4_H010-FAm-W100-EX1_15.agt.zip;15;1;3;0;1.00E-08;1;1;0;0.238;0
TCL4-100_7_250k-lam05_P4_H010-FAm-W100-EX1_15.agt.zip;15;1;4;0;1.00E-08;0;1;0;0.469;0
TCL4-100_7_250k-lam05_P4_H010-FAm-W100-EX1_15.agt.zip;15;1;4;0;1.00E-08;1;1;0;0.261;0
TCL4-100_7_250k-lam05_P4_H010-FAm-W100-EX1_15.agt.zip;15;1;5;0;1.00E-08;0;1;0;0.602;0
TCL4-100_7_250k-lam05_P4_H010-FAm-W100-EX1_15.agt.zip;15;1;5;0;1.00E-08;1;1;0;0.324;0
TCL4-100_7_250k-lam05_P4_H010-FAm-W100-EX1_15.agt.zip;15;1;6;0;1.00E-08;0;1;0;0.547;0
TCL4-100_7_250k-lam05_P4_H010-FAm-W100-EX1_15.agt.zip;15;1;6;0;1.00E-08;1;1;0;0.334;0
TCL4-100_7_250k-lam05_P4_H010-FAm-W100-EX1_15.agt.zip;15;1;7;0;1.00E-08;0;1;0;0.581;0
TCL4-100_7_250k-lam05_P4_H010-FAm-W100-EX1_15.agt.zip;15;1;7;0;1.00E-08;1;1;0;0.445;0
TCL4-100_7_250k-lam05_P4_H010-FAm-W100-EX1_15.agt.zip;15;1;8;0;1.00E-08;0;1;0;1.142;0
TCL4-100_7_250k-lam05_P4_H010-FAm-W100-EX1_15.agt.zip;15;1;8;0;1.00E-08;1;1;0;0.579;0
TCL4-100_7_250k-lam05_P4_H010-FAm-W100-EX1_15.agt.zip;15;1;9;0;1.00E-08;0;1;0;0.739;0
TCL4-100_7_250k-lam05_P4_H010-FAm-W100-EX1_15.agt.zip;15;1;9;0;1.00E-08;1;1;0;1.013;0
TCL4-100_7_250k-lam05_P4_H010-FAm-W100-EX1_15.agt.zip;15;1;1;10000;1.00E-08;0;1;1;41.411;0
TCL4-100_7_250k-lam05_P4_H010-FAm-W100-EX1_15.agt.zip;15;1;1;10000;1.00E-08;1;1;1;42.672;0
TCL4-100_7_250k-lam05_P4_H010-FAm-W100-EX1_15.agt.zip;15;1;2;10000;1.00E-08;0;1;1;41.273;0
TCL4-100_7_250k-lam05_P4_H010-FAm-W100-EX1_15.agt.zip;15;1;2;10000;1.00E-08;1;1;1;42.15;0
TCL4-100_7_250k-lam05_P4_H010-FAm-W100-EX1_15.agt.zip;15;1;3;10000;1.00E-08;0;1;1;38.726;0
TCL4-100_7_250k-lam05_P4_H010-FAm-W100-EX1_15.agt.zip;15;1;3;10000;1.00E-08;1;1;1;43.014;0
TCL4-100_7_250k-lam05_P4_H010-FAm-W100-EX1_15.agt.zip;15;1;4;10000;1.00E-08;0;1;1;41.541;0
TCL4-100_7_250k-lam05_P4_H010-FAm-W100-EX1_15.agt.zip;15;1;4;10000;1.00E-08;1;1;1;43.424;0
TCL4-100_7_250k-lam05_P4_H010-FAm-W100-EX1_15.agt.zip;15;1;5;10000;1.00E-08;0;1;1;40.438;0
TCL4-100_7_250k-lam05_P4_H010-FAm-W100-EX1_15.agt.zip;15;1;5;10000;1.00E-08;1;1;0;42.873;0
TCL4-100_7_250k-lam05_P4_H010-FAm-W100-EX1_15.agt.zip;15;1;6;10000;1.00E-08;0;1;1;41.722;0
TCL4-100_7_250k-lam05_P4_H010-FAm-W100-EX1_15.agt.zip;15;1;6;10000;1.00E-08;1;1;1;42.008;0
TCL4-100_7_250k-lam05_P4_H010-FAm-W100-EX1_15.agt.zip;15;1;7;10000;1.00E-08;0;1;1;40.708;0
TCL4-100_7_250k-lam05_P4_H010-FAm-W100-EX1_15.agt.zip;15;1;7;10000;1.00E-08;1;1;1;39.635;0
TCL4-100_7_250k-lam05_P4_H010-FAm-W100-EX1_15.agt.zip;15;1;8;10000;1.00E-08;0;1;0;42.117;0
TCL4-100_7_250k-lam05_P4_H010-FAm-W100-EX1_15.agt.zip;15;1;8;10000;1.00E-08;1;1;1;40.496;0
TCL4-100_7_250k-lam05_P4_H010-FAm-W100-EX1_15.agt.zip;15;1;9;10000;1.00E-08;0;1;0;45.636;0
TCL4-100_7_250k-lam05_P4_H010-FAm-W100-EX1_15.agt.zip;15;1;9;10000;1.00E-08;1;1;0;30338.773;0
TCL4-100_7_250k-lam05_P4_H010-FAm-W100-EX1_16.agt.zip;16;1;1;0;1.00E-08;0;1;1;0.507;0
TCL4-100_7_250k-lam05_P4_H010-FAm-W100-EX1_16.agt.zip;16;1;1;0;1.00E-08;1;1;1;0.3;0
TCL4-100_7_250k-lam05_P4_H010-FAm-W100-EX1_16.agt.zip;16;1;2;0;1.00E-08;0;1;0;0.451;0
TCL4-100_7_250k-lam05_P4_H010-FAm-W100-EX1_16.agt.zip;16;1;2;0;1.00E-08;1;1;0;0.294;0
TCL4-100_7_250k-lam05_P4_H010-FAm-W100-EX1_16.agt.zip;16;1;3;0;1.00E-08;0;1;0;0.506;0
TCL4-100_7_250k-lam05_P4_H010-FAm-W100-EX1_16.agt.zip;16;1;3;0;1.00E-08;1;1;0;0.324;0
TCL4-100_7_250k-lam05_P4_H010-FAm-W100-EX1_16.agt.zip;16;1;4;0;1.00E-08;0;1;0;0.545;0
TCL4-100_7_250k-lam05_P4_H010-FAm-W100-EX1_16.agt.zip;16;1;4;0;1.00E-08;1;1;0;0.321;0
TCL4-100_7_250k-lam05_P4_H010-FAm-W100-EX1_16.agt.zip;16;1;5;0;1.00E-08;0;1;0;0.47;0
TCL4-100_7_250k-lam05_P4_H010-FAm-W100-EX1_16.agt.zip;16;1;5;0;1.00E-08;1;1;0;0.327;0
TCL4-100_7_250k-lam05_P4_H010-FAm-W100-EX1_16.agt.zip;16;1;6;0;1.00E-08;0;1;0;0.473;0
TCL4-100_7_250k-lam05_P4_H010-FAm-W100-EX1_16.agt.zip;16;1;6;0;1.00E-08;1;1;0;0.35;0
TCL4-100_7_250k-lam05_P4_H010-FAm-W100-EX1_16.agt.zip;16;1;7;0;1.00E-08;0;1;0;0.589;0
TCL4-100_7_250k-lam05_P4_H010-FAm-W100-EX1_16.agt.zip;16;1;7;0;1.00E-08;1;1;0;0.405;0
TCL4-100_7_250k-lam05_P4_H010-FAm-W100-EX1_16.agt.zip;16;1;8;0;1.00E-08;0;1;0;0.639;0
TCL4-100_7_250k-lam05_P4_H010-FAm-W100-EX1_16.agt.zip;16;1;8;0;1.00E-08;1;1;0;0.532;0
TCL4-100_7_250k-lam05_P4_H010-FAm-W100-EX1_16.agt.zip;16;1;9;0;1.00E-08;0;1;0;0.745;0
TCL4-100_7_250k-lam05_P4_H010-FAm-W100-EX1_16.agt.zip;16;1;9;0;1.00E-08;1;1;0;0.89;0
TCL4-100_7_250k-lam05_P4_H010-FAm-W100-EX1_16.agt.zip;16;1;1;10000;1.00E-08;0;1;1;47.141;0
TCL4-100_7_250k-lam05_P4_H010-FAm-W100-EX1_16.agt.zip;16;1;1;10000;1.00E-08;1;1;1;43.001;0
TCL4-100_7_250k-lam05_P4_H010-FAm-W100-EX1_16.agt.zip;16;1;2;10000;1.00E-08;0;1;1;39.624;0
TCL4-100_7_250k-lam05_P4_H010-FAm-W100-EX1_16.agt.zip;16;1;2;10000;1.00E-08;1;1;1;40.996;0
TCL4-100_7_250k-lam05_P4_H010-FAm-W100-EX1_16.agt.zip;16;1;3;10000;1.00E-08;0;1;1;39.877;0
TCL4-100_7_250k-lam05_P4_H010-FAm-W100-EX1_16.agt.zip;16;1;3;10000;1.00E-08;1;1;1;41.169;0
TCL4-100_7_250k-lam05_P4_H010-FAm-W100-EX1_16.agt.zip;16;1;4;10000;1.00E-08;0;1;1;41.029;0
TCL4-100_7_250k-lam05_P4_H010-FAm-W100-EX1_16.agt.zip;16;1;4;10000;1.00E-08;1;1;0.5;39.511;0
TCL4-100_7_250k-lam05_P4_H010-FAm-W100-EX1_16.agt.zip;16;1;5;10000;1.00E-08;0;1;1;43.12;0
TCL4-100_7_250k-lam05_P4_H010-FAm-W100-EX1_16.agt.zip;16;1;5;10000;1.00E-08;1;1;1;42.688;0
TCL4-100_7_250k-lam05_P4_H010-FAm-W100-EX1_16.agt.zip;16;1;6;10000;1.00E-08;0;1;1;44.217;0
TCL4-100_7_250k-lam05_P4_H010-FAm-W100-EX1_16.agt.zip;16;1;6;10000;1.00E-08;1;1;1;43.742;0
TCL4-100_7_250k-lam05_P4_H010-FAm-W100-EX1_16.agt.zip;16;1;7;10000;1.00E-08;0;1;1;44.724;0
TCL4-100_7_250k-lam05_P4_H010-FAm-W100-EX1_16.agt.zip;16;1;7;10000;1.00E-08;1;1;1;44.218;0
TCL4-100_7_250k-lam05_P4_H010-FAm-W100-EX1_16.agt.zip;16;1;8;10000;1.00E-08;0;1;1;42.081;0
TCL4-100_7_250k-lam05_P4_H010-FAm-W100-EX1_16.agt.zip;16;1;8;10000;1.00E-08;1;1;0;43.087;0
TCL4-100_7_250k-lam05_P4_H010-FAm-W100-EX1_16.agt.zip;16;1;9;10000;1.00E-08;0;1;1;43.914;0
TCL4-100_7_250k-lam05_P4_H010-FAm-W100-EX1_16.agt.zip;16;1;9;10000;1.00E-08;1;1;0;42.218;0
TCL4-100_7_250k-lam05_P4_H010-FAm-W100-EX1_17.agt.zip;17;1;1;0;1.00E-08;0;1;1;0.412;0
TCL4-100_7_250k-lam05_P4_H010-FAm-W100-EX1_17.agt.zip;17;1;1;0;1.00E-08;1;1;1;0.236;0
TCL4-100_7_250k-lam05_P4_H010-FAm-W100-EX1_17.agt.zip;17;1;2;0;1.00E-08;0;1;0.5;0.433;0
TCL4-100_7_250k-lam05_P4_H010-FAm-W100-EX1_17.agt.zip;17;1;2;0;1.00E-08;1;1;1;0.297;0
TCL4-100_7_250k-lam05_P4_H010-FAm-W100-EX1_17.agt.zip;17;1;3;0;1.00E-08;0;1;0;0.489;0
TCL4-100_7_250k-lam05_P4_H010-FAm-W100-EX1_17.agt.zip;17;1;3;0;1.00E-08;1;1;0;0.294;0
TCL4-100_7_250k-lam05_P4_H010-FAm-W100-EX1_17.agt.zip;17;1;4;0;1.00E-08;0;1;0;0.404;0
TCL4-100_7_250k-lam05_P4_H010-FAm-W100-EX1_17.agt.zip;17;1;4;0;1.00E-08;1;1;0;0.255;0
TCL4-100_7_250k-lam05_P4_H010-FAm-W100-EX1_17.agt.zip;17;1;5;0;1.00E-08;0;1;0;0.432;0
TCL4-100_7_250k-lam05_P4_H010-FAm-W100-EX1_17.agt.zip;17;1;5;0;1.00E-08;1;1;0;0.267;0
TCL4-100_7_250k-lam05_P4_H010-FAm-W100-EX1_17.agt.zip;17;1;6;0;1.00E-08;0;1;0;0.472;0
TCL4-100_7_250k-lam05_P4_H010-FAm-W100-EX1_17.agt.zip;17;1;6;0;1.00E-08;1;1;0;0.374;0
TCL4-100_7_250k-lam05_P4_H010-FAm-W100-EX1_17.agt.zip;17;1;7;0;1.00E-08;0;1;0;0.522;0
TCL4-100_7_250k-lam05_P4_H010-FAm-W100-EX1_17.agt.zip;17;1;7;0;1.00E-08;1;1;0;0.421;0
TCL4-100_7_250k-lam05_P4_H010-FAm-W100-EX1_17.agt.zip;17;1;8;0;1.00E-08;0;1;0;0.622;0
TCL4-100_7_250k-lam05_P4_H010-FAm-W100-EX1_17.agt.zip;17;1;8;0;1.00E-08;1;1;0;0.543;0
TCL4-100_7_250k-lam05_P4_H010-FAm-W100-EX1_17.agt.zip;17;1;9;0;1.00E-08;0;1;0;0.768;0
TCL4-100_7_250k-lam05_P4_H010-FAm-W100-EX1_17.agt.zip;17;1;9;0;1.00E-08;1;1;0;0.82;0
TCL4-100_7_250k-lam05_P4_H010-FAm-W100-EX1_17.agt.zip;17;1;1;10000;1.00E-08;0;1;1;39.183;0
TCL4-100_7_250k-lam05_P4_H010-FAm-W100-EX1_17.agt.zip;17;1;1;10000;1.00E-08;1;1;1;41.776;0
TCL4-100_7_250k-lam05_P4_H010-FAm-W100-EX1_17.agt.zip;17;1;2;10000;1.00E-08;0;1;1;43.855;0
TCL4-100_7_250k-lam05_P4_H010-FAm-W100-EX1_17.agt.zip;17;1;2;10000;1.00E-08;1;1;1;40.194;0
TCL4-100_7_250k-lam05_P4_H010-FAm-W100-EX1_17.agt.zip;17;1;3;10000;1.00E-08;0;1;1;40.223;0
TCL4-100_7_250k-lam05_P4_H010-FAm-W100-EX1_17.agt.zip;17;1;3;10000;1.00E-08;1;1;1;38.807;0
TCL4-100_7_250k-lam05_P4_H010-FAm-W100-EX1_17.agt.zip;17;1;4;10000;1.00E-08;0;1;1;40.918;0
TCL4-100_7_250k-lam05_P4_H010-FAm-W100-EX1_17.agt.zip;17;1;4;10000;1.00E-08;1;1;1;42.841;0
TCL4-100_7_250k-lam05_P4_H010-FAm-W100-EX1_17.agt.zip;17;1;5;10000;1.00E-08;0;1;1;44.471;0
TCL4-100_7_250k-lam05_P4_H010-FAm-W100-EX1_17.agt.zip;17;1;5;10000;1.00E-08;1;1;1;39.817;0
TCL4-100_7_250k-lam05_P4_H010-FAm-W100-EX1_17.agt.zip;17;1;6;10000;1.00E-08;0;1;1;38.767;0
TCL4-100_7_250k-lam05_P4_H010-FAm-W100-EX1_17.agt.zip;17;1;6;10000;1.00E-08;1;1;1;41.353;0
TCL4-100_7_250k-lam05_P4_H010-FAm-W100-EX1_17.agt.zip;17;1;7;10000;1.00E-08;0;1;1;39.536;0
TCL4-100_7_250k-lam05_P4_H010-FAm-W100-EX1_17.agt.zip;17;1;7;10000;1.00E-08;1;1;1;43.681;0
TCL4-100_7_250k-lam05_P4_H010-FAm-W100-EX1_17.agt.zip;17;1;8;10000;1.00E-08;0;1;1;43.209;0
TCL4-100_7_250k-lam05_P4_H010-FAm-W100-EX1_17.agt.zip;17;1;8;10000;1.00E-08;1;1;1;42.572;0
TCL4-100_7_250k-lam05_P4_H010-FAm-W100-EX1_17.agt.zip;17;1;9;10000;1.00E-08;0;1;1;41.803;0
TCL4-100_7_250k-lam05_P4_H010-FAm-W100-EX1_17.agt.zip;17;1;9;10000;1.00E-08;1;1;1;42.815;0
TCL4-100_7_250k-lam05_P4_H010-FAm-W100-EX1_18.agt.zip;18;1;1;0;1.00E-08;0;1;0;0.44;0
TCL4-100_7_250k-lam05_P4_H010-FAm-W100-EX1_18.agt.zip;18;1;1;0;1.00E-08;1;1;1;0.254;0
TCL4-100_7_250k-lam05_P4_H010-FAm-W100-EX1_18.agt.zip;18;1;2;0;1.00E-08;0;1;1;0.429;0
TCL4-100_7_250k-lam05_P4_H010-FAm-W100-EX1_18.agt.zip;18;1;2;0;1.00E-08;1;1;1;0.248;0
TCL4-100_7_250k-lam05_P4_H010-FAm-W100-EX1_18.agt.zip;18;1;3;0;1.00E-08;0;1;0;0.463;0
TCL4-100_7_250k-lam05_P4_H010-FAm-W100-EX1_18.agt.zip;18;1;3;0;1.00E-08;1;1;0;0.27;0
TCL4-100_7_250k-lam05_P4_H010-FAm-W100-EX1_18.agt.zip;18;1;4;0;1.00E-08;0;1;0;0.435;0
TCL4-100_7_250k-lam05_P4_H010-FAm-W100-EX1_18.agt.zip;18;1;4;0;1.00E-08;1;1;0;0.284;0
TCL4-100_7_250k-lam05_P4_H010-FAm-W100-EX1_18.agt.zip;18;1;5;0;1.00E-08;0;1;0;0.557;0
TCL4-100_7_250k-lam05_P4_H010-FAm-W100-EX1_18.agt.zip;18;1;5;0;1.00E-08;1;1;0;0.321;0
TCL4-100_7_250k-lam05_P4_H010-FAm-W100-EX1_18.agt.zip;18;1;6;0;1.00E-08;0;1;0;0.652;0
TCL4-100_7_250k-lam05_P4_H010-FAm-W100-EX1_18.agt.zip;18;1;6;0;1.00E-08;1;1;0;0.421;0
TCL4-100_7_250k-lam05_P4_H010-FAm-W100-EX1_18.agt.zip;18;1;7;0;1.00E-08;0;1;0;0.617;0
TCL4-100_7_250k-lam05_P4_H010-FAm-W100-EX1_18.agt.zip;18;1;7;0;1.00E-08;1;1;0;0.417;0
TCL4-100_7_250k-lam05_P4_H010-FAm-W100-EX1_18.agt.zip;18;1;8;0;1.00E-08;0;1;0;0.826;0
TCL4-100_7_250k-lam05_P4_H010-FAm-W100-EX1_18.agt.zip;18;1;8;0;1.00E-08;1;1;0;0.647;0
TCL4-100_7_250k-lam05_P4_H010-FAm-W100-EX1_18.agt.zip;18;1;9;0;1.00E-08;0;1;0;1.054;0
TCL4-100_7_250k-lam05_P4_H010-FAm-W100-EX1_18.agt.zip;18;1;9;0;1.00E-08;1;1;0;1.004;0
TCL4-100_7_250k-lam05_P4_H010-FAm-W100-EX1_18.agt.zip;18;1;1;10000;1.00E-08;0;1;1;40.955;0
TCL4-100_7_250k-lam05_P4_H010-FAm-W100-EX1_18.agt.zip;18;1;1;10000;1.00E-08;1;1;1;39.375;0
TCL4-100_7_250k-lam05_P4_H010-FAm-W100-EX1_18.agt.zip;18;1;2;10000;1.00E-08;0;1;1;37.237;0
TCL4-100_7_250k-lam05_P4_H010-FAm-W100-EX1_18.agt.zip;18;1;2;10000;1.00E-08;1;1;1;42.559;0
TCL4-100_7_250k-lam05_P4_H010-FAm-W100-EX1_18.agt.zip;18;1;3;10000;1.00E-08;0;1;1;40.588;0
TCL4-100_7_250k-lam05_P4_H010-FAm-W100-EX1_18.agt.zip;18;1;3;10000;1.00E-08;1;1;1;40.367;0
TCL4-100_7_250k-lam05_P4_H010-FAm-W100-EX1_18.agt.zip;18;1;4;10000;1.00E-08;0;1;1;40.965;0
TCL4-100_7_250k-lam05_P4_H010-FAm-W100-EX1_18.agt.zip;18;1;4;10000;1.00E-08;1;1;1;39.55;0
TCL4-100_7_250k-lam05_P4_H010-FAm-W100-EX1_18.agt.zip;18;1;5;10000;1.00E-08;0;1;1;41.179;0
TCL4-100_7_250k-lam05_P4_H010-FAm-W100-EX1_18.agt.zip;18;1;5;10000;1.00E-08;1;1;0.5;40.358;0
TCL4-100_7_250k-lam05_P4_H010-FAm-W100-EX1_18.agt.zip;18;1;6;10000;1.00E-08;0;1;1;43.238;0
TCL4-100_7_250k-lam05_P4_H010-FAm-W100-EX1_18.agt.zip;18;1;6;10000;1.00E-08;1;1;1;44.536;0
TCL4-100_7_250k-lam05_P4_H010-FAm-W100-EX1_18.agt.zip;18;1;7;10000;1.00E-08;0;1;1;42.256;0
TCL4-100_7_250k-lam05_P4_H010-FAm-W100-EX1_18.agt.zip;18;1;7;10000;1.00E-08;1;1;1;37.852;0
TCL4-100_7_250k-lam05_P4_H010-FAm-W100-EX1_18.agt.zip;18;1;8;10000;1.00E-08;0;1;0;43.641;0
TCL4-100_7_250k-lam05_P4_H010-FAm-W100-EX1_18.agt.zip;18;1;8;10000;1.00E-08;1;1;1;36.849;0
TCL4-100_7_250k-lam05_P4_H010-FAm-W100-EX1_18.agt.zip;18;1;9;10000;1.00E-08;0;1;0;45.303;0
TCL4-100_7_250k-lam05_P4_H010-FAm-W100-EX1_18.agt.zip;18;1;9;10000;1.00E-08;1;1;0;37.696;0
TCL4-100_7_250k-lam05_P4_H010-FAm-W100-EX1_19.agt.zip;19;1;1;0;1.00E-08;0;1;0;0.429;0
TCL4-100_7_250k-lam05_P4_H010-FAm-W100-EX1_19.agt.zip;19;1;1;0;1.00E-08;1;1;0;0.241;0
TCL4-100_7_250k-lam05_P4_H010-FAm-W100-EX1_19.agt.zip;19;1;2;0;1.00E-08;0;1;0;0.484;0
TCL4-100_7_250k-lam05_P4_H010-FAm-W100-EX1_19.agt.zip;19;1;2;0;1.00E-08;1;1;1;0.248;0
TCL4-100_7_250k-lam05_P4_H010-FAm-W100-EX1_19.agt.zip;19;1;3;0;1.00E-08;0;1;0;0.455;0
TCL4-100_7_250k-lam05_P4_H010-FAm-W100-EX1_19.agt.zip;19;1;3;0;1.00E-08;1;1;0;0.293;0
TCL4-100_7_250k-lam05_P4_H010-FAm-W100-EX1_19.agt.zip;19;1;4;0;1.00E-08;0;1;1;0.57;0
TCL4-100_7_250k-lam05_P4_H010-FAm-W100-EX1_19.agt.zip;19;1;4;0;1.00E-08;1;1;0;0.301;0
TCL4-100_7_250k-lam05_P4_H010-FAm-W100-EX1_19.agt.zip;19;1;5;0;1.00E-08;0;1;0;0.479;0
TCL4-100_7_250k-lam05_P4_H010-FAm-W100-EX1_19.agt.zip;19;1;5;0;1.00E-08;1;1;0;0.296;0
TCL4-100_7_250k-lam05_P4_H010-FAm-W100-EX1_19.agt.zip;19;1;6;0;1.00E-08;0;1;0;0.531;0
TCL4-100_7_250k-lam05_P4_H010-FAm-W100-EX1_19.agt.zip;19;1;6;0;1.00E-08;1;1;0;0.349;0
TCL4-100_7_250k-lam05_P4_H010-FAm-W100-EX1_19.agt.zip;19;1;7;0;1.00E-08;0;1;0;0.538;0
TCL4-100_7_250k-lam05_P4_H010-FAm-W100-EX1_19.agt.zip;19;1;7;0;1.00E-08;1;1;0;0.397;0
TCL4-100_7_250k-lam05_P4_H010-FAm-W100-EX1_19.agt.zip;19;1;8;0;1.00E-08;0;1;0;0.777;0
TCL4-100_7_250k-lam05_P4_H010-FAm-W100-EX1_19.agt.zip;19;1;8;0;1.00E-08;1;1;0;0.652;0
TCL4-100_7_250k-lam05_P4_H010-FAm-W100-EX1_19.agt.zip;19;1;9;0;1.00E-08;0;1;0;0.764;0
TCL4-100_7_250k-lam05_P4_H010-FAm-W100-EX1_19.agt.zip;19;1;9;0;1.00E-08;1;1;0;1.233;0
TCL4-100_7_250k-lam05_P4_H010-FAm-W100-EX1_19.agt.zip;19;1;1;10000;1.00E-08;0;1;1;41.129;0
TCL4-100_7_250k-lam05_P4_H010-FAm-W100-EX1_19.agt.zip;19;1;1;10000;1.00E-08;1;1;1;43.016;0
TCL4-100_7_250k-lam05_P4_H010-FAm-W100-EX1_19.agt.zip;19;1;2;10000;1.00E-08;0;1;1;38.28;0
TCL4-100_7_250k-lam05_P4_H010-FAm-W100-EX1_19.agt.zip;19;1;2;10000;1.00E-08;1;1;1;43.565;0
TCL4-100_7_250k-lam05_P4_H010-FAm-W100-EX1_19.agt.zip;19;1;3;10000;1.00E-08;0;1;1;43.717;0
TCL4-100_7_250k-lam05_P4_H010-FAm-W100-EX1_19.agt.zip;19;1;3;10000;1.00E-08;1;1;1;41.688;0
TCL4-100_7_250k-lam05_P4_H010-FAm-W100-EX1_19.agt.zip;19;1;4;10000;1.00E-08;0;1;1;43.524;0
TCL4-100_7_250k-lam05_P4_H010-FAm-W100-EX1_19.agt.zip;19;1;4;10000;1.00E-08;1;1;0;43.628;0
TCL4-100_7_250k-lam05_P4_H010-FAm-W100-EX1_19.agt.zip;19;1;5;10000;1.00E-08;0;1;1;44.857;0
TCL4-100_7_250k-lam05_P4_H010-FAm-W100-EX1_19.agt.zip;19;1;5;10000;1.00E-08;1;1;1;40.127;0
TCL4-100_7_250k-lam05_P4_H010-FAm-W100-EX1_19.agt.zip;19;1;6;10000;1.00E-08;0;1;1;42.241;0
TCL4-100_7_250k-lam05_P4_H010-FAm-W100-EX1_19.agt.zip;19;1;6;10000;1.00E-08;1;1;1;43.446;0
TCL4-100_7_250k-lam05_P4_H010-FAm-W100-EX1_19.agt.zip;19;1;7;10000;1.00E-08;0;1;1;42.291;0
TCL4-100_7_250k-lam05_P4_H010-FAm-W100-EX1_19.agt.zip;19;1;7;10000;1.00E-08;1;1;1;42.246;0
TCL4-100_7_250k-lam05_P4_H010-FAm-W100-EX1_19.agt.zip;19;1;8;10000;1.00E-08;0;1;1;42.895;0
TCL4-100_7_250k-lam05_P4_H010-FAm-W100-EX1_19.agt.zip;19;1;8;10000;1.00E-08;1;1;1;42.619;0
TCL4-100_7_250k-lam05_P4_H010-FAm-W100-EX1_19.agt.zip;19;1;9;10000;1.00E-08;0;1;0;40.157;0
TCL4-100_7_250k-lam05_P4_H010-FAm-W100-EX1_19.agt.zip;19;1;9;10000;1.00E-08;1;1;1;42.464;0
