controllers.TD.ntuple2.TDNTuple2Agt: USESYMMETRY:true, NORMALIZE:false, sigmoid:tanh, lambda:0.0, horizon:1, AFTERSTATE:false, learnFromRM: false
controllers.TD.ntuple2.TDNTuple2Agt: alpha_init->final:0.5->0.5, epsilon_init->final:1.0->0.0, gamma: 1.0, MODE_3P: 2
run, gameNum, evalQ, evalT, actionNum, trnMoves
0, 2000, 0.3333333333333333, 0.0, 248, 25929
0, 4000, 0.0, 0.0, 963, 51609
0, 6000, 0.0, 0.0, 2213, 77029
0, 8000, 0.3333333333333333, 0.16666666666666666, 3971, 102115
0, 10000, 0.3333333333333333, 0.16666666666666666, 6226, 126990
0, 12000, 0.6666666666666666, 0.08333333333333333, 8888, 151649
0, 14000, 0.6666666666666666, 0.41666666666666663, 11977, 176098
0, 16000, 0.6666666666666666, 0.49999999999999994, 15630, 200204
0, 18000, 1.0, 0.49999999999999994, 19769, 223954
0, 20000, 1.0, 0.8333333333333334, 24313, 247545
0, 22000, 1.0, 0.5833333333333333, 29137, 270659
0, 24000, 1.0, 0.75, 34339, 293925
0, 26000, 1.0, 1.0, 39958, 316810
0, 28000, 0.6666666666666666, 0.8333333333333333, 46034, 339229
0, 30000, 1.0, 1.0, 52540, 361637
0, 32000, 1.0, 0.9166666666666666, 59331, 383735
0, 34000, 1.0, 0.9166666666666666, 66433, 405742
0, 36000, 1.0, 1.0, 73937, 427454
0, 38000, 1.0, 0.9166666666666666, 81925, 449052
0, 40000, 1.0, 0.9166666666666666, 90329, 470423
0, 42000, 1.0, 1.0, 99043, 491744
0, 44000, 1.0, 0.9166666666666666, 108012, 512748
0, 46000, 1.0, 0.9166666666666666, 117317, 533460
0, 48000, 1.0, 1.0, 126973, 554151
0, 50000, 1.0, 1.0, 136933, 574667
0, 52000, 1.0, 1.0, 147288, 594928
0, 54000, 1.0, 1.0, 157872, 614872
0, 56000, 1.0, 1.0, 168778, 634863
0, 58000, 1.0, 1.0, 180030, 654643
0, 60000, 1.0, 1.0, 191633, 674204
0, 62000, 1.0, 1.0, 203443, 693622
0, 64000, 1.0, 1.0, 215484, 712763
0, 66000, 1.0, 1.0, 227773, 731772
0, 68000, 1.0, 1.0, 240398, 750452
0, 70000, 1.0, 1.0, 253286, 769075
0, 72000, 1.0, 0.9166666666666666, 266013, 786929
0, 74000, 1.0, 1.0, 279178, 804956
0, 76000, 1.0, 1.0, 292512, 822761
0, 78000, 1.0, 1.0, 305804, 840061
0, 80000, 1.0, 1.0, 319493, 857295
0, 82000, 1.0, 1.0, 333387, 874553
0, 84000, 1.0, 1.0, 347618, 891732
0, 86000, 1.0, 1.0, 361682, 908245
0, 88000, 1.0, 0.9166666666666666, 375850, 924550
0, 90000, 1.0, 1.0, 389990, 940460
0, 92000, 1.0, 1.0, 404640, 956561
0, 94000, 1.0, 1.0, 418925, 971912
0, 96000, 1.0, 1.0, 433489, 987238
0, 98000, 1.0, 1.0, 447984, 1002205
0, 100000, 1.0, 1.0, 462174, 1016524
1, 2000, 0.0, 0.0, 280, 25809
1, 4000, 0.0, 0.08333333333333333, 1096, 51360
1, 6000, 0.0, 0.08333333333333333, 2360, 76754
1, 8000, 0.0, 0.0, 4038, 101763
1, 10000, 0.0, 0.08333333333333333, 6267, 126571
1, 12000, 0.0, 0.0, 8980, 151034
1, 14000, 0.3333333333333333, 0.16666666666666666, 12095, 175299
1, 16000, 0.3333333333333333, 0.16666666666666666, 15678, 199550
1, 18000, 0.3333333333333333, 0.6666666666666667, 19627, 223317
1, 20000, 1.0, 0.5833333333333333, 24083, 247069
1, 22000, 1.0, 0.8333333333333334, 28891, 270469
1, 24000, 0.3333333333333333, 0.41666666666666663, 34053, 293299
1, 26000, 0.6666666666666666, 0.75, 39682, 316102
1, 28000, 1.0, 1.0, 45707, 338735
1, 30000, 1.0, 1.0, 52251, 361190
1, 32000, 1.0, 0.9166666666666666, 59160, 383711
1, 34000, 1.0, 0.8333333333333334, 66429, 405771
1, 36000, 1.0, 1.0, 74091, 427623
1, 38000, 1.0, 1.0, 82090, 449341
1, 40000, 1.0, 1.0, 90413, 470537
1, 42000, 1.0, 1.0, 99016, 491545
1, 44000, 1.0, 1.0, 107921, 512508
1, 46000, 1.0, 1.0, 117234, 533261
1, 48000, 1.0, 1.0, 127032, 553976
1, 50000, 1.0, 1.0, 137025, 574469
1, 52000, 1.0, 1.0, 147340, 594721
1, 54000, 1.0, 1.0, 157923, 614761
1, 56000, 1.0, 1.0, 168774, 634606
1, 58000, 1.0, 1.0, 180213, 654511
1, 60000, 1.0, 1.0, 191852, 674087
1, 62000, 1.0, 1.0, 203585, 693443
1, 64000, 1.0, 1.0, 215895, 712811
1, 66000, 1.0, 1.0, 228268, 731810
1, 68000, 1.0, 1.0, 240830, 750449
1, 70000, 1.0, 1.0, 253708, 769140
1, 72000, 1.0, 1.0, 266564, 787341
1, 74000, 1.0, 0.9166666666666666, 279700, 805259
1, 76000, 1.0, 1.0, 292938, 822995
1, 78000, 1.0, 1.0, 306637, 840660
1, 80000, 1.0, 1.0, 320352, 858097
1, 82000, 1.0, 1.0, 334213, 875213
1, 84000, 1.0, 1.0, 348391, 892149
1, 86000, 1.0, 1.0, 362626, 908922
1, 88000, 1.0, 1.0, 376744, 925123
1, 90000, 1.0, 1.0, 391021, 941218
1, 92000, 0.6666666666666666, 1.0, 405549, 957224
1, 94000, 1.0, 1.0, 419928, 972772
1, 96000, 1.0, 1.0, 434264, 987871
1, 98000, 1.0, 1.0, 448540, 1002551
1, 100000, 1.0, 1.0, 462626, 1016774
2, 2000, 0.0, 0.0, 269, 25886
2, 4000, 0.0, 0.0, 1078, 51375
2, 6000, 0.0, 0.0, 2334, 76782
2, 8000, 0.0, 0.0, 4125, 101790
2, 10000, 0.6666666666666666, 0.16666666666666666, 6381, 126489
2, 12000, 0.6666666666666666, 0.3333333333333333, 9018, 151207
2, 14000, 1.0, 0.49999999999999994, 12247, 175396
2, 16000, 1.0, 0.75, 15744, 199262
2, 18000, 0.6666666666666666, 0.75, 19790, 222959
2, 20000, 1.0, 0.75, 24297, 246558
2, 22000, 1.0, 0.49999999999999994, 29277, 269708
2, 24000, 0.6666666666666666, 0.9166666666666666, 34479, 292548
2, 26000, 0.3333333333333333, 0.7499999999999999, 40241, 315348
2, 28000, 1.0, 0.9166666666666666, 46353, 337869
2, 30000, 1.0, 0.8333333333333334, 52742, 360043
2, 32000, 1.0, 0.9166666666666666, 59606, 382009
2, 34000, 1.0, 1.0, 66754, 403843
2, 36000, 1.0, 1.0, 74426, 425828
2, 38000, 1.0, 0.9166666666666666, 82479, 447558
2, 40000, 1.0, 1.0, 90853, 468835
2, 42000, 1.0, 0.8333333333333334, 99527, 489950
2, 44000, 1.0, 1.0, 108702, 510923
2, 46000, 1.0, 1.0, 118117, 531937
2, 48000, 1.0, 1.0, 127968, 552834
2, 50000, 1.0, 1.0, 137959, 573435
2, 52000, 1.0, 1.0, 148339, 593795
2, 54000, 1.0, 1.0, 159005, 614091
2, 56000, 1.0, 1.0, 170092, 634168
2, 58000, 1.0, 1.0, 181589, 654272
2, 60000, 1.0, 1.0, 193131, 673754
2, 62000, 1.0, 1.0, 205352, 693717
2, 64000, 1.0, 1.0, 217544, 713144
2, 66000, 1.0, 1.0, 229969, 732367
2, 68000, 1.0, 1.0, 242614, 751410
2, 70000, 1.0, 1.0, 255704, 770396
2, 72000, 1.0, 1.0, 269048, 789137
2, 74000, 1.0, 1.0, 282364, 807411
2, 76000, 1.0, 1.0, 296008, 825561
2, 78000, 1.0, 1.0, 309785, 843442
2, 80000, 1.0, 1.0, 323710, 861078
2, 82000, 1.0, 1.0, 337762, 878367
2, 84000, 1.0, 1.0, 351944, 895464
2, 86000, 1.0, 1.0, 366182, 912207
2, 88000, 1.0, 1.0, 380492, 928593
2, 90000, 1.0, 1.0, 394641, 944515
2, 92000, 1.0, 1.0, 408861, 960155
2, 94000, 1.0, 1.0, 423037, 975395
2, 96000, 1.0, 1.0, 437054, 990152
2, 98000, 1.0, 1.0, 451058, 1004581
2, 100000, 1.0, 1.0, 464891, 1018584
3, 2000, 0.0, 0.0, 277, 25867
3, 4000, 0.0, 0.0, 1023, 51406
3, 6000, 0.3333333333333333, 0.0, 2219, 76788
3, 8000, 0.0, 0.16666666666666666, 4037, 101756
3, 10000, 0.0, 0.0, 6190, 126307
3, 12000, 0.0, 0.25, 8884, 150874
3, 14000, 0.3333333333333333, 0.25, 11993, 175179
3, 16000, 0.0, 0.5, 15470, 199058
3, 18000, 0.3333333333333333, 0.25, 19575, 222689
3, 20000, 0.0, 0.6666666666666666, 24065, 246132
3, 22000, 1.0, 0.5, 28866, 269501
3, 24000, 0.3333333333333333, 0.5, 34134, 292484
3, 26000, 0.6666666666666666, 0.6666666666666666, 39836, 315386
3, 28000, 1.0, 0.8333333333333333, 45956, 337686
3, 30000, 1.0, 1.0, 52478, 359934
3, 32000, 1.0, 0.9166666666666666, 59292, 381910
3, 34000, 1.0, 1.0, 66552, 403627
3, 36000, 1.0, 1.0, 74102, 425097
3, 38000, 1.0, 0.9166666666666666, 81921, 446218
3, 40000, 1.0, 0.9166666666666666, 90104, 467248
3, 42000, 1.0, 1.0, 98566, 488185
3, 44000, 1.0, 1.0, 107549, 509121
3, 46000, 1.0, 1.0, 116764, 529494
3, 48000, 1.0, 1.0, 126342, 549775
3, 50000, 1.0, 1.0, 136176, 569696
3, 52000, 1.0, 1.0, 146447, 589537
3, 54000, 1.0, 1.0, 156878, 609282
3, 56000, 1.0, 1.0, 167580, 628743
3, 58000, 1.0, 1.0, 178731, 648303
3, 60000, 1.0, 1.0, 190058, 667584
3, 62000, 1.0, 1.0, 201732, 686744
3, 64000, 1.0, 1.0, 213560, 705443
3, 66000, 1.0, 1.0, 225778, 724116
3, 68000, 1.0, 1.0, 237897, 742387
3, 70000, 1.0, 1.0, 250540, 760677
3, 72000, 1.0, 1.0, 263215, 778628
3, 74000, 1.0, 1.0, 276363, 796592
3, 76000, 1.0, 1.0, 289393, 813933
3, 78000, 1.0, 0.9166666666666666, 302810, 831347
3, 80000, 1.0, 1.0, 316343, 848468
3, 82000, 1.0, 1.0, 330100, 865418
3, 84000, 1.0, 1.0, 344182, 882352
3, 86000, 1.0, 1.0, 358409, 899127
3, 88000, 1.0, 1.0, 372778, 915591
3, 90000, 1.0, 1.0, 386829, 931394
3, 92000, 1.0, 1.0, 401190, 947171
3, 94000, 1.0, 1.0, 415925, 962981
3, 96000, 1.0, 1.0, 430435, 978239
3, 98000, 1.0, 1.0, 444475, 992724
3, 100000, 1.0, 1.0, 458659, 1007069
4, 2000, 0.0, 0.0, 261, 25851
4, 4000, 0.0, 0.0, 1058, 51592
4, 6000, 0.6666666666666666, 0.16666666666666666, 2307, 76828
4, 8000, 0.0, 0.0, 4097, 102036
4, 10000, 0.0, 0.08333333333333333, 6342, 126829
4, 12000, 0.0, 0.08333333333333333, 9042, 151336
4, 14000, 0.3333333333333333, 0.41666666666666663, 12244, 175452
4, 16000, 0.3333333333333333, 0.75, 15886, 199227
4, 18000, 1.0, 0.8333333333333334, 19939, 222888
4, 20000, 1.0, 0.8333333333333333, 24520, 246738
4, 22000, 1.0, 0.8333333333333333, 29428, 270059
4, 24000, 1.0, 0.6666666666666666, 34701, 292984
4, 26000, 1.0, 0.8333333333333334, 40346, 315778
4, 28000, 1.0, 1.0, 46502, 338313
4, 30000, 1.0, 0.9166666666666666, 52967, 360715
4, 32000, 1.0, 1.0, 59849, 383039
4, 34000, 1.0, 0.9166666666666666, 67073, 404946
4, 36000, 1.0, 1.0, 74592, 426615
4, 38000, 1.0, 1.0, 82636, 448309
4, 40000, 1.0, 0.9166666666666666, 90990, 469806
4, 42000, 1.0, 1.0, 99805, 491104
4, 44000, 1.0, 1.0, 108682, 511891
4, 46000, 1.0, 0.9166666666666666, 118051, 532938
4, 48000, 1.0, 1.0, 127710, 553399
4, 50000, 1.0, 1.0, 137722, 574021
4, 52000, 1.0, 1.0, 147935, 594320
4, 54000, 1.0, 1.0, 158583, 614552
4, 56000, 1.0, 1.0, 169539, 634346
4, 58000, 1.0, 1.0, 180728, 654047
4, 60000, 1.0, 1.0, 192167, 673601
4, 62000, 1.0, 0.9166666666666666, 203963, 692812
4, 64000, 1.0, 1.0, 216030, 711841
4, 66000, 1.0, 1.0, 228451, 730850
4, 68000, 1.0, 1.0, 241029, 749550
4, 70000, 1.0, 1.0, 253678, 767933
4, 72000, 1.0, 1.0, 266724, 786316
4, 74000, 1.0, 1.0, 280079, 804609
4, 76000, 1.0, 1.0, 293516, 822467
4, 78000, 1.0, 1.0, 307593, 840698
4, 80000, 1.0, 1.0, 321634, 858580
4, 82000, 1.0, 1.0, 335617, 875752
4, 84000, 1.0, 1.0, 349885, 892871
4, 86000, 1.0, 1.0, 364420, 909971
4, 88000, 1.0, 1.0, 378889, 926526
4, 90000, 1.0, 1.0, 393422, 942907
4, 92000, 1.0, 1.0, 407984, 958951
4, 94000, 1.0, 1.0, 422577, 974635
4, 96000, 1.0, 1.0, 437226, 990036
4, 98000, 1.0, 1.0, 451907, 1005168
4, 100000, 1.0, 1.0, 466212, 1019618
5, 2000, 0.0, 0.0, 255, 25776
5, 4000, 0.0, 0.0, 989, 51470
5, 6000, 0.0, 0.0, 2270, 76952
5, 8000, 0.0, 0.0, 4002, 102141
5, 10000, 0.0, 0.0, 6282, 126968
5, 12000, 0.0, 0.0, 8919, 151516
5, 14000, 0.0, 0.25, 12071, 176089
5, 16000, 0.0, 0.3333333333333333, 15668, 200083
5, 18000, 0.3333333333333333, 0.49999999999999994, 19783, 224031
5, 20000, 0.6666666666666666, 0.5, 24317, 247767
5, 22000, 0.3333333333333333, 0.3333333333333333, 29273, 271171
5, 24000, 1.0, 0.41666666666666663, 34576, 294211
5, 26000, 0.6666666666666666, 0.7499999999999999, 40279, 317148
5, 28000, 0.6666666666666666, 0.8333333333333333, 46455, 339859
5, 30000, 0.6666666666666666, 0.6666666666666666, 53032, 362403
5, 32000, 1.0, 0.9166666666666666, 59913, 384453
5, 34000, 1.0, 1.0, 67083, 406358
5, 36000, 1.0, 1.0, 74661, 427881
5, 38000, 1.0, 1.0, 82479, 449464
5, 40000, 1.0, 1.0, 90788, 470588
5, 42000, 0.6666666666666666, 0.9166666666666666, 99385, 491681
5, 44000, 1.0, 1.0, 108314, 512712
5, 46000, 1.0, 1.0, 117544, 533296
5, 48000, 1.0, 1.0, 127152, 553719
5, 50000, 1.0, 0.75, 136979, 574032
5, 52000, 1.0, 1.0, 147167, 594001
5, 54000, 1.0, 1.0, 157631, 613885
5, 56000, 0.6666666666666666, 1.0, 168527, 633584
5, 58000, 1.0, 1.0, 179631, 652839
5, 60000, 1.0, 1.0, 190885, 671847
5, 62000, 0.6666666666666666, 1.0, 202404, 690699
5, 64000, 1.0, 1.0, 214146, 709475
5, 66000, 1.0, 1.0, 226038, 727851
5, 68000, 1.0, 1.0, 238360, 746235
5, 70000, 0.3333333333333333, 0.9166666666666666, 250796, 764187
5, 72000, 1.0, 1.0, 263480, 782254
5, 74000, 1.0, 1.0, 276451, 799976
5, 76000, 1.0, 1.0, 289812, 817709
5, 78000, 1.0, 1.0, 303141, 835109
5, 80000, 1.0, 1.0, 316743, 852219
5, 82000, 1.0, 1.0, 330300, 869013
5, 84000, 1.0, 1.0, 343950, 885520
5, 86000, 1.0, 1.0, 357746, 901769
5, 88000, 1.0, 1.0, 371685, 917838
5, 90000, 1.0, 1.0, 385825, 933716
5, 92000, 1.0, 1.0, 399974, 949239
5, 94000, 1.0, 1.0, 413875, 964173
5, 96000, 1.0, 0.9166666666666666, 427831, 978817
5, 98000, 1.0, 1.0, 441924, 993311
5, 100000, 1.0, 1.0, 455946, 1007480
6, 2000, 0.0, 0.0, 227, 25942
6, 4000, 0.0, 0.0, 986, 51550
6, 6000, 0.0, 0.0, 2234, 77092
6, 8000, 0.0, 0.0, 3997, 102209
6, 10000, 0.0, 0.08333333333333333, 6219, 127021
6, 12000, 0.3333333333333333, 0.5, 8885, 151730
6, 14000, 0.3333333333333333, 0.5, 12079, 175985
6, 16000, 1.0, 0.6666666666666666, 15597, 200177
6, 18000, 1.0, 0.7499999999999999, 19566, 224005
6, 20000, 0.6666666666666666, 0.75, 24057, 247456
6, 22000, 1.0, 0.9166666666666666, 28984, 270903
6, 24000, 1.0, 0.9166666666666666, 34256, 293822
6, 26000, 1.0, 0.8333333333333333, 39959, 316544
6, 28000, 1.0, 0.9166666666666666, 46042, 339047
6, 30000, 1.0, 0.9166666666666666, 52501, 361390
6, 32000, 1.0, 1.0, 59418, 383616
6, 34000, 1.0, 1.0, 66741, 405389
6, 36000, 1.0, 1.0, 74456, 427170
6, 38000, 1.0, 1.0, 82465, 448664
6, 40000, 1.0, 1.0, 90966, 470201
6, 42000, 1.0, 1.0, 99548, 491584
6, 44000, 1.0, 1.0, 108596, 512887
6, 46000, 1.0, 1.0, 118075, 534062
6, 48000, 1.0, 1.0, 127901, 554813
6, 50000, 1.0, 1.0, 138107, 575320
6, 52000, 1.0, 1.0, 148599, 595820
6, 54000, 1.0, 1.0, 159340, 616234
6, 56000, 1.0, 1.0, 170451, 636502
6, 58000, 1.0, 1.0, 181799, 656359
6, 60000, 1.0, 1.0, 193456, 676085
6, 62000, 1.0, 1.0, 205473, 695798
6, 64000, 1.0, 1.0, 217527, 715046
6, 66000, 1.0, 1.0, 230108, 734493
6, 68000, 1.0, 1.0, 242896, 753706
6, 70000, 1.0, 1.0, 255955, 772614
6, 72000, 1.0, 1.0, 269058, 790977
6, 74000, 1.0, 1.0, 282552, 809373
6, 76000, 1.0, 1.0, 296175, 827637
6, 78000, 1.0, 1.0, 310011, 845581
6, 80000, 1.0, 1.0, 324006, 863371
6, 82000, 1.0, 1.0, 338065, 880710
6, 84000, 1.0, 1.0, 352408, 898025
6, 86000, 1.0, 1.0, 366635, 914828
6, 88000, 1.0, 1.0, 380883, 931251
6, 90000, 1.0, 1.0, 395410, 947521
6, 92000, 1.0, 1.0, 409857, 963414
6, 94000, 1.0, 1.0, 424367, 979000
6, 96000, 1.0, 1.0, 438908, 994302
6, 98000, 1.0, 1.0, 453377, 1009259
6, 100000, 1.0, 1.0, 468264, 1024305
7, 2000, 0.0, 0.0, 257, 25906
7, 4000, 0.0, 0.0, 982, 51654
7, 6000, 0.0, 0.0, 2282, 77162
7, 8000, 0.0, 0.16666666666666666, 4020, 102301
7, 10000, 0.3333333333333333, 0.3333333333333333, 6256, 127215
7, 12000, 0.0, 0.08333333333333333, 9027, 151804
7, 14000, 0.3333333333333333, 0.16666666666666666, 12193, 176174
7, 16000, 0.0, 0.16666666666666666, 15719, 200310
7, 18000, 1.0, 0.41666666666666663, 19730, 224190
7, 20000, 0.6666666666666666, 0.75, 24322, 247688
7, 22000, 0.6666666666666666, 0.9166666666666666, 29236, 270990
7, 24000, 0.3333333333333333, 0.6666666666666666, 34498, 294013
7, 26000, 1.0, 0.5833333333333334, 40240, 316827
7, 28000, 0.6666666666666666, 0.8333333333333334, 46409, 339472
7, 30000, 0.6666666666666666, 0.8333333333333333, 52998, 361829
7, 32000, 1.0, 0.8333333333333333, 59932, 384108
7, 34000, 1.0, 1.0, 67228, 406138
7, 36000, 1.0, 1.0, 74848, 427940
7, 38000, 1.0, 0.9166666666666666, 82916, 449746
7, 40000, 1.0, 1.0, 91185, 470993
7, 42000, 1.0, 0.8333333333333333, 99854, 491987
7, 44000, 1.0, 1.0, 108946, 513044
7, 46000, 1.0, 1.0, 118342, 533964
7, 48000, 1.0, 1.0, 128041, 554472
7, 50000, 1.0, 0.9166666666666666, 138095, 574864
7, 52000, 1.0, 1.0, 148586, 595353
7, 54000, 1.0, 1.0, 159146, 615483
7, 56000, 1.0, 1.0, 169895, 635059
7, 58000, 1.0, 1.0, 181154, 654837
7, 60000, 1.0, 1.0, 192542, 674382
7, 62000, 1.0, 1.0, 204258, 693741
7, 64000, 1.0, 1.0, 216361, 713025
7, 66000, 1.0, 1.0, 228907, 732167
7, 68000, 1.0, 0.9166666666666666, 241655, 751206
7, 70000, 1.0, 1.0, 254578, 769945
7, 72000, 1.0, 1.0, 267763, 788625
7, 74000, 1.0, 1.0, 281256, 807132
7, 76000, 1.0, 1.0, 294728, 825109
7, 78000, 1.0, 1.0, 308823, 843334
7, 80000, 1.0, 1.0, 323211, 861588
7, 82000, 1.0, 1.0, 337839, 879721
7, 84000, 1.0, 1.0, 352646, 897477
7, 86000, 1.0, 1.0, 366944, 914294
7, 88000, 1.0, 1.0, 380913, 930402
7, 90000, 1.0, 1.0, 396380, 947733
7, 92000, 1.0, 1.0, 411433, 964191
7, 94000, 1.0, 1.0, 426331, 980218
7, 96000, 1.0, 1.0, 441722, 996396
7, 98000, 1.0, 1.0, 458089, 1013294
7, 100000, 1.0, 1.0, 474889, 1030281
8, 2000, 0.0, 0.0, 251, 25918
8, 4000, 0.0, 0.0, 1022, 51498
8, 6000, 0.0, 0.0, 2316, 76938
8, 8000, 0.0, 0.16666666666666666, 4071, 102110
8, 10000, 0.0, 0.25, 6337, 127098
8, 12000, 0.3333333333333333, 0.41666666666666663, 9054, 151425
8, 14000, 0.0, 0.41666666666666663, 12202, 175594
8, 16000, 0.6666666666666666, 0.49999999999999994, 15742, 199815
8, 18000, 0.0, 0.5833333333333333, 19873, 223743
8, 20000, 0.3333333333333333, 0.6666666666666666, 24271, 247317
8, 22000, 0.3333333333333333, 0.6666666666666666, 29164, 270533
8, 24000, 0.3333333333333333, 1.0, 34446, 293563
8, 26000, 1.0, 0.8333333333333333, 40087, 316252
8, 28000, 1.0, 0.75, 46032, 338928
8, 30000, 1.0, 0.8333333333333334, 52471, 361428
8, 32000, 1.0, 0.5833333333333333, 59325, 383366
8, 34000, 0.6666666666666666, 1.0, 66685, 405257
8, 36000, 1.0, 0.7499999999999999, 74334, 427005
8, 38000, 1.0, 0.9166666666666666, 82428, 448618
8, 40000, 1.0, 1.0, 90732, 470028
8, 42000, 1.0, 0.9166666666666666, 99336, 491023
8, 44000, 1.0, 1.0, 108242, 511837
8, 46000, 1.0, 0.9166666666666666, 117617, 532551
8, 48000, 1.0, 1.0, 127328, 553077
8, 50000, 1.0, 0.9166666666666666, 137384, 573626
8, 52000, 1.0, 1.0, 147732, 593978
8, 54000, 1.0, 1.0, 158259, 614017
8, 56000, 1.0, 0.9166666666666666, 169195, 633996
8, 58000, 1.0, 1.0, 180319, 653540
8, 60000, 1.0, 1.0, 191639, 672865
8, 62000, 1.0, 1.0, 203226, 691988
8, 64000, 1.0, 1.0, 215098, 710894
8, 66000, 1.0, 0.9166666666666666, 227163, 729420
8, 68000, 1.0, 1.0, 239467, 747685
8, 70000, 1.0, 1.0, 251946, 765789
8, 72000, 1.0, 1.0, 264807, 783832
8, 74000, 1.0, 1.0, 277613, 801527
8, 76000, 1.0, 1.0, 290679, 818919
8, 78000, 1.0, 1.0, 303756, 835884
8, 80000, 1.0, 1.0, 317243, 852893
8, 82000, 1.0, 1.0, 330720, 869496
8, 84000, 1.0, 1.0, 344081, 885579
8, 86000, 1.0, 0.9166666666666666, 357628, 901510
8, 88000, 1.0, 0.9166666666666666, 371153, 917111
8, 90000, 1.0, 1.0, 384838, 932565
8, 92000, 1.0, 1.0, 398483, 947567
8, 94000, 1.0, 1.0, 412209, 962318
8, 96000, 1.0, 1.0, 425970, 976778
8, 98000, 1.0, 1.0, 439951, 991157
8, 100000, 1.0, 1.0, 453890, 1005230
9, 2000, 0.0, 0.0, 248, 26045
9, 4000, 0.0, 0.0, 1009, 51657
9, 6000, 0.3333333333333333, 0.0, 2258, 77116
9, 8000, 0.3333333333333333, 0.0, 4015, 102479
9, 10000, 0.0, 0.0, 6220, 127207
9, 12000, 0.0, 0.16666666666666666, 8849, 151850
9, 14000, 0.3333333333333333, 0.16666666666666666, 12067, 176358
9, 16000, 0.0, 0.25, 15708, 200573
9, 18000, 0.3333333333333333, 0.16666666666666666, 19718, 224338
9, 20000, 0.3333333333333333, 0.6666666666666666, 24167, 247899
9, 22000, 0.3333333333333333, 0.3333333333333333, 29038, 271168
9, 24000, 0.0, 0.6666666666666666, 34314, 294107
9, 26000, 0.3333333333333333, 0.75, 39944, 317013
9, 28000, 0.6666666666666666, 1.0, 46063, 339822
9, 30000, 1.0, 0.6666666666666666, 52754, 362356
9, 32000, 1.0, 1.0, 59670, 384504
9, 34000, 1.0, 1.0, 66966, 406595
9, 36000, 0.6666666666666666, 1.0, 74578, 428274
9, 38000, 1.0, 0.8333333333333333, 82518, 449745
9, 40000, 1.0, 0.8333333333333334, 90804, 470998
9, 42000, 1.0, 1.0, 99423, 492182
9, 44000, 0.6666666666666666, 0.9166666666666666, 108469, 513181
9, 46000, 1.0, 0.9166666666666666, 117761, 534150
9, 48000, 1.0, 0.5833333333333334, 127521, 555038
9, 50000, 1.0, 1.0, 137723, 575858
9, 52000, 1.0, 1.0, 148242, 596355
9, 54000, 1.0, 1.0, 158872, 616249
9, 56000, 1.0, 1.0, 169762, 636066
9, 58000, 1.0, 1.0, 181100, 656103
9, 60000, 1.0, 1.0, 192751, 675814
9, 62000, 1.0, 1.0, 204640, 695139
9, 64000, 1.0, 1.0, 216842, 714461
9, 66000, 1.0, 1.0, 229497, 733659
9, 68000, 1.0, 1.0, 242018, 752353
9, 70000, 1.0, 1.0, 255016, 771040
9, 72000, 1.0, 1.0, 268214, 789591
9, 74000, 1.0, 1.0, 281738, 807970
9, 76000, 1.0, 1.0, 295342, 825991
9, 78000, 1.0, 1.0, 309013, 843847
9, 80000, 1.0, 1.0, 322709, 861099
9, 82000, 1.0, 1.0, 336405, 878038
9, 84000, 1.0, 1.0, 350412, 894826
9, 86000, 1.0, 1.0, 364785, 911753
9, 88000, 1.0, 1.0, 378596, 927621
9, 90000, 1.0, 1.0, 392701, 943391
9, 92000, 1.0, 1.0, 406884, 958956
9, 94000, 1.0, 1.0, 421365, 974570
9, 96000, 1.0, 1.0, 435460, 989445
9, 98000, 1.0, 1.0, 449568, 1003995
9, 100000, 1.0, 1.0, 463471, 1018056
10, 2000, 0.0, 0.0, 232, 26058
10, 4000, 0.0, 0.0, 996, 51678
10, 6000, 0.0, 0.0, 2223, 77277
10, 8000, 0.0, 0.0, 4034, 102288
10, 10000, 0.0, 0.0, 6200, 127124
10, 12000, 0.0, 0.0, 8849, 151791
10, 14000, 0.3333333333333333, 0.16666666666666666, 11965, 175980
10, 16000, 0.6666666666666666, 0.25, 15541, 199857
10, 18000, 0.6666666666666666, 0.6666666666666666, 19585, 223545
10, 20000, 1.0, 0.6666666666666666, 24001, 246978
10, 22000, 1.0, 0.9166666666666666, 28853, 270211
10, 24000, 0.6666666666666666, 0.7499999999999999, 34093, 293277
10, 26000, 1.0, 1.0, 39737, 316210
10, 28000, 1.0, 0.5, 45860, 338862
10, 30000, 1.0, 0.9166666666666666, 52396, 361456
10, 32000, 1.0, 0.5, 59354, 383457
10, 34000, 1.0, 0.75, 66645, 405483
10, 36000, 1.0, 0.9166666666666666, 74332, 427389
10, 38000, 1.0, 1.0, 82313, 449024
10, 40000, 1.0, 1.0, 90615, 470217
10, 42000, 1.0, 0.9166666666666666, 99342, 491603
10, 44000, 1.0, 1.0, 108482, 512768
10, 46000, 1.0, 1.0, 118002, 533831
10, 48000, 1.0, 1.0, 127762, 554700
10, 50000, 1.0, 0.9166666666666666, 137896, 575262
10, 52000, 1.0, 1.0, 148280, 595597
10, 54000, 1.0, 0.9166666666666666, 158867, 615736
10, 56000, 1.0, 1.0, 169865, 635750
10, 58000, 1.0, 1.0, 181234, 655668
10, 60000, 1.0, 1.0, 192844, 675285
10, 62000, 1.0, 1.0, 204627, 694700
10, 64000, 1.0, 1.0, 216719, 713947
10, 66000, 1.0, 0.9166666666666666, 229057, 732977
10, 68000, 1.0, 1.0, 241814, 751876
10, 70000, 1.0, 1.0, 254738, 770734
10, 72000, 1.0, 1.0, 268060, 789249
10, 74000, 1.0, 1.0, 281401, 807496
10, 76000, 1.0, 1.0, 294731, 825304
10, 78000, 1.0, 1.0, 308343, 843076
10, 80000, 1.0, 1.0, 322221, 860683
10, 82000, 1.0, 1.0, 336299, 878035
10, 84000, 1.0, 1.0, 350620, 895205
10, 86000, 1.0, 1.0, 364814, 911925
10, 88000, 1.0, 1.0, 379130, 928492
10, 90000, 1.0, 1.0, 393591, 944736
10, 92000, 1.0, 1.0, 407982, 960504
10, 94000, 1.0, 1.0, 422405, 976045
10, 96000, 1.0, 1.0, 437060, 991513
10, 98000, 1.0, 1.0, 451232, 1006139
10, 100000, 1.0, 1.0, 465424, 1020463
11, 2000, 0.0, 0.0, 265, 25921
11, 4000, 0.0, 0.0, 1012, 51375
11, 6000, 0.0, 0.08333333333333333, 2316, 76709
11, 8000, 0.3333333333333333, 0.0, 4031, 101558
11, 10000, 0.3333333333333333, 0.0, 6298, 126351
11, 12000, 0.0, 0.5, 9124, 150788
11, 14000, 0.3333333333333333, 0.5833333333333334, 12267, 175194
11, 16000, 1.0, 0.25, 15887, 199499
11, 18000, 0.6666666666666666, 0.75, 20029, 223440
11, 20000, 0.6666666666666666, 0.5, 24503, 246897
11, 22000, 1.0, 0.6666666666666666, 29420, 270090
11, 24000, 1.0, 0.9166666666666666, 34699, 293125
11, 26000, 1.0, 0.9166666666666666, 40333, 315837
11, 28000, 1.0, 0.9166666666666666, 46457, 338328
11, 30000, 1.0, 1.0, 52886, 360669
11, 32000, 1.0, 1.0, 59805, 382928
11, 34000, 1.0, 0.8333333333333334, 66940, 404932
11, 36000, 1.0, 1.0, 74691, 426868
11, 38000, 1.0, 0.9166666666666666, 82692, 448434
11, 40000, 1.0, 1.0, 91126, 469816
11, 42000, 1.0, 1.0, 99752, 491011
11, 44000, 1.0, 1.0, 108874, 512084
11, 46000, 1.0, 1.0, 118422, 533037
11, 48000, 1.0, 1.0, 128130, 553790
11, 50000, 1.0, 1.0, 138216, 574319
11, 52000, 1.0, 1.0, 148691, 594685
11, 54000, 1.0, 1.0, 159372, 615007
11, 56000, 1.0, 1.0, 170398, 635010
11, 58000, 1.0, 1.0, 181739, 654812
11, 60000, 1.0, 1.0, 193515, 674681
11, 62000, 1.0, 1.0, 205296, 694152
11, 64000, 1.0, 1.0, 217307, 713298
11, 66000, 1.0, 1.0, 229689, 732468
11, 68000, 1.0, 1.0, 242252, 751240
11, 70000, 1.0, 1.0, 255041, 769895
11, 72000, 1.0, 0.9166666666666666, 268219, 788491
11, 74000, 1.0, 1.0, 281737, 807062
11, 76000, 0.6666666666666666, 1.0, 295454, 825346
11, 78000, 1.0, 1.0, 309436, 843497
11, 80000, 1.0, 1.0, 323080, 860746
11, 82000, 1.0, 1.0, 337112, 878146
11, 84000, 1.0, 1.0, 351143, 895092
11, 86000, 1.0, 1.0, 365428, 911896
11, 88000, 1.0, 1.0, 379664, 928290
11, 90000, 1.0, 1.0, 394040, 944390
11, 92000, 1.0, 0.9166666666666666, 408305, 960061
11, 94000, 1.0, 1.0, 422622, 975477
11, 96000, 0.6666666666666666, 1.0, 437266, 990926
11, 98000, 1.0, 1.0, 451859, 1006006
11, 100000, 1.0, 1.0, 466017, 1020319
12, 2000, 0.0, 0.0, 236, 25893
12, 4000, 0.0, 0.0, 1017, 51392
12, 6000, 0.0, 0.08333333333333333, 2283, 76825
12, 8000, 0.0, 0.0, 3966, 101941
12, 10000, 0.6666666666666666, 0.0, 6178, 126784
12, 12000, 0.0, 0.25, 8889, 151486
12, 14000, 0.3333333333333333, 0.16666666666666666, 12047, 175818
12, 16000, 0.0, 0.3333333333333333, 15609, 199918
12, 18000, 0.6666666666666666, 0.5833333333333334, 19741, 223705
12, 20000, 0.3333333333333333, 0.75, 24205, 247263
12, 22000, 1.0, 1.0, 29045, 270661
12, 24000, 1.0, 0.75, 34415, 293865
12, 26000, 1.0, 0.9166666666666666, 40009, 316832
12, 28000, 0.6666666666666666, 0.6666666666666666, 46140, 339378
12, 30000, 0.6666666666666666, 0.75, 52759, 361512
12, 32000, 1.0, 0.6666666666666666, 59757, 383823
12, 34000, 0.6666666666666666, 0.9166666666666666, 66947, 405699
12, 36000, 1.0, 0.8333333333333334, 74630, 427654
12, 38000, 1.0, 0.8333333333333334, 82517, 449275
12, 40000, 1.0, 1.0, 91038, 470613
12, 42000, 1.0, 1.0, 99741, 491776
12, 44000, 1.0, 0.9166666666666666, 108865, 513095
12, 46000, 1.0, 1.0, 118446, 534157
12, 48000, 1.0, 1.0, 128121, 554998
12, 50000, 1.0, 1.0, 138181, 575746
12, 52000, 1.0, 1.0, 148572, 596200
12, 54000, 1.0, 1.0, 159316, 616478
12, 56000, 1.0, 1.0, 170250, 636380
12, 58000, 1.0, 1.0, 181598, 656164
12, 60000, 0.6666666666666666, 0.9166666666666666, 193356, 676072
12, 62000, 1.0, 1.0, 205215, 695467
12, 64000, 1.0, 1.0, 217647, 715076
12, 66000, 1.0, 1.0, 230174, 734506
12, 68000, 1.0, 1.0, 243019, 753713
12, 70000, 1.0, 1.0, 256318, 772870
12, 72000, 1.0, 1.0, 269828, 791940
12, 74000, 1.0, 1.0, 283575, 810842
12, 76000, 1.0, 1.0, 297580, 829567
12, 78000, 1.0, 1.0, 311750, 847935
12, 80000, 1.0, 1.0, 326171, 866321
12, 82000, 1.0, 1.0, 340787, 884351
12, 84000, 0.6666666666666666, 1.0, 355596, 902155
12, 86000, 1.0, 1.0, 370394, 919567
12, 88000, 1.0, 1.0, 385275, 936712
12, 90000, 1.0, 1.0, 400566, 953896
12, 92000, 1.0, 1.0, 415662, 970497
12, 94000, 1.0, 1.0, 431201, 987191
12, 96000, 1.0, 1.0, 446707, 1003501
12, 98000, 1.0, 1.0, 461476, 1018719
12, 100000, 1.0, 1.0, 476788, 1034172
13, 2000, 0.0, 0.0, 263, 25705
13, 4000, 0.0, 0.16666666666666666, 1027, 51427
13, 6000, 0.0, 0.0, 2329, 76728
13, 8000, 0.0, 0.08333333333333333, 4054, 101847
13, 10000, 1.0, 0.0, 6291, 126804
13, 12000, 0.3333333333333333, 0.3333333333333333, 9007, 151425
13, 14000, 1.0, 0.5833333333333334, 12155, 175679
13, 16000, 0.6666666666666666, 0.7499999999999999, 15776, 199580
13, 18000, 0.6666666666666666, 0.5833333333333333, 19825, 223450
13, 20000, 1.0, 0.75, 24322, 246953
13, 22000, 1.0, 0.75, 29328, 270220
13, 24000, 1.0, 1.0, 34634, 293303
13, 26000, 1.0, 0.7499999999999999, 40349, 316164
13, 28000, 1.0, 0.8333333333333333, 46429, 338770
13, 30000, 1.0, 1.0, 52945, 361263
13, 32000, 1.0, 1.0, 59691, 383532
13, 34000, 1.0, 1.0, 66990, 405478
13, 36000, 1.0, 0.9166666666666666, 74584, 427239
13, 38000, 1.0, 1.0, 82630, 448723
13, 40000, 1.0, 1.0, 90867, 470067
13, 42000, 1.0, 1.0, 99394, 491087
13, 44000, 1.0, 0.8333333333333334, 108436, 512043
13, 46000, 1.0, 0.9166666666666666, 117722, 532785
13, 48000, 1.0, 1.0, 127623, 553834
13, 50000, 1.0, 0.9166666666666666, 137561, 574091
13, 52000, 1.0, 1.0, 147857, 594344
13, 54000, 1.0, 0.75, 158502, 614451
13, 56000, 1.0, 1.0, 169451, 634350
13, 58000, 1.0, 1.0, 180743, 654138
13, 60000, 1.0, 1.0, 192451, 673759
13, 62000, 1.0, 1.0, 204558, 693674
13, 64000, 1.0, 1.0, 216728, 712992
13, 66000, 1.0, 1.0, 229165, 732216
13, 68000, 1.0, 1.0, 241979, 751204
13, 70000, 1.0, 1.0, 255085, 770045
13, 72000, 1.0, 1.0, 268706, 789221
13, 74000, 1.0, 1.0, 282277, 807772
13, 76000, 1.0, 1.0, 296606, 826766
13, 78000, 1.0, 1.0, 311406, 846009
13, 80000, 1.0, 1.0, 326520, 865131
13, 82000, 1.0, 1.0, 341105, 883124
13, 84000, 1.0, 1.0, 356057, 901101
13, 86000, 1.0, 1.0, 371116, 918921
13, 88000, 1.0, 1.0, 386390, 936526
13, 90000, 1.0, 1.0, 402857, 955018
13, 92000, 1.0, 1.0, 418977, 972697
13, 94000, 1.0, 1.0, 435116, 990099
13, 96000, 1.0, 1.0, 453642, 1009578
13, 98000, 1.0, 1.0, 473445, 1029961
13, 100000, 1.0, 1.0, 492094, 1048807
14, 2000, 0.0, 0.0, 223, 25637
14, 4000, 0.0, 0.08333333333333333, 1014, 51270
14, 6000, 0.0, 0.0, 2309, 76621
14, 8000, 0.0, 0.0, 4189, 101670
14, 10000, 0.0, 0.0, 6453, 126508
14, 12000, 0.0, 0.41666666666666663, 9177, 151125
14, 14000, 0.3333333333333333, 0.41666666666666663, 12404, 175634
14, 16000, 0.0, 0.25, 16069, 199550
14, 18000, 1.0, 0.25, 20066, 223501
14, 20000, 1.0, 0.49999999999999994, 24601, 246980
14, 22000, 1.0, 0.5833333333333333, 29446, 270548
14, 24000, 1.0, 0.7499999999999999, 34749, 293773
14, 26000, 1.0, 0.6666666666666666, 40526, 316804
14, 28000, 1.0, 0.8333333333333334, 46675, 339450
14, 30000, 1.0, 0.6666666666666666, 53098, 361847
14, 32000, 0.6666666666666666, 0.9166666666666666, 59880, 383820
14, 34000, 1.0, 0.9166666666666666, 67123, 405782
14, 36000, 1.0, 1.0, 74813, 427487
14, 38000, 1.0, 1.0, 82765, 449007
14, 40000, 1.0, 0.9166666666666666, 91103, 470236
14, 42000, 1.0, 1.0, 99692, 491300
14, 44000, 1.0, 1.0, 108717, 512222
14, 46000, 1.0, 0.8333333333333334, 117997, 532894
14, 48000, 1.0, 0.9166666666666666, 127676, 553274
14, 50000, 1.0, 1.0, 137711, 573880
14, 52000, 1.0, 1.0, 147980, 594084
14, 54000, 1.0, 1.0, 158526, 614131
14, 56000, 1.0, 1.0, 169464, 634065
14, 58000, 1.0, 1.0, 180771, 653731
14, 60000, 1.0, 1.0, 192410, 673290
14, 62000, 1.0, 1.0, 204111, 692526
14, 64000, 1.0, 1.0, 216025, 711531
14, 66000, 1.0, 0.9166666666666666, 228066, 730000
14, 68000, 1.0, 1.0, 240536, 748698
14, 70000, 1.0, 1.0, 253147, 767077
14, 72000, 1.0, 1.0, 266152, 785465
14, 74000, 1.0, 1.0, 279060, 803234
14, 76000, 1.0, 1.0, 292458, 821186
14, 78000, 1.0, 1.0, 306200, 839129
14, 80000, 1.0, 1.0, 319701, 856185
14, 82000, 1.0, 1.0, 333449, 873198
14, 84000, 1.0, 1.0, 347637, 890251
14, 86000, 1.0, 1.0, 362265, 907471
14, 88000, 1.0, 1.0, 378286, 925824
14, 90000, 1.0, 1.0, 394408, 943908
14, 92000, 1.0, 1.0, 410414, 961530
14, 94000, 1.0, 1.0, 426387, 978636
14, 96000, 1.0, 1.0, 442672, 995769
14, 98000, 1.0, 1.0, 456676, 1010200
14, 100000, 1.0, 1.0, 470658, 1024323
15, 2000, 0.0, 0.0, 239, 25809
15, 4000, 0.0, 0.0, 989, 51293
15, 6000, 0.0, 0.0, 2260, 76734
15, 8000, 0.0, 0.0, 4040, 101877
15, 10000, 0.0, 0.3333333333333333, 6222, 126607
15, 12000, 0.0, 0.3333333333333333, 8896, 150845
15, 14000, 0.6666666666666666, 0.49999999999999994, 12012, 174963
15, 16000, 0.3333333333333333, 0.6666666666666666, 15626, 199119
15, 18000, 1.0, 0.9166666666666666, 19592, 222833
15, 20000, 1.0, 0.6666666666666666, 24033, 246238
15, 22000, 1.0, 0.9166666666666666, 28936, 269701
15, 24000, 1.0, 0.9166666666666666, 34252, 292686
15, 26000, 1.0, 0.75, 39992, 315601
15, 28000, 1.0, 0.9166666666666666, 46069, 338338
15, 30000, 1.0, 0.9166666666666666, 52508, 360827
15, 32000, 1.0, 1.0, 59438, 383181
15, 34000, 1.0, 0.9166666666666666, 66750, 405347
15, 36000, 1.0, 1.0, 74577, 427416
15, 38000, 1.0, 1.0, 82504, 449144
15, 40000, 1.0, 1.0, 90723, 470458
15, 42000, 1.0, 1.0, 99460, 491653
15, 44000, 1.0, 1.0, 108512, 512737
15, 46000, 1.0, 1.0, 117877, 533679
15, 48000, 1.0, 1.0, 127552, 554498
15, 50000, 1.0, 1.0, 137495, 575123
15, 52000, 1.0, 1.0, 147920, 595663
15, 54000, 1.0, 1.0, 158670, 615841
15, 56000, 1.0, 1.0, 169684, 636080
15, 58000, 1.0, 1.0, 181024, 656082
15, 60000, 1.0, 1.0, 192539, 675573
15, 62000, 1.0, 1.0, 204478, 695174
15, 64000, 1.0, 1.0, 216598, 714610
15, 66000, 1.0, 1.0, 228961, 733752
15, 68000, 1.0, 1.0, 241625, 752667
15, 70000, 1.0, 1.0, 254361, 771230
15, 72000, 1.0, 1.0, 267460, 789756
15, 74000, 1.0, 1.0, 280735, 807916
15, 76000, 1.0, 1.0, 294337, 826030
15, 78000, 1.0, 1.0, 307941, 843796
15, 80000, 1.0, 1.0, 321739, 861230
15, 82000, 1.0, 1.0, 335806, 878704
15, 84000, 1.0, 1.0, 350093, 895853
15, 86000, 1.0, 1.0, 364330, 912550
15, 88000, 1.0, 1.0, 378725, 929073
15, 90000, 1.0, 1.0, 393120, 945282
15, 92000, 1.0, 1.0, 407780, 961380
15, 94000, 1.0, 1.0, 422531, 977186
15, 96000, 1.0, 1.0, 436915, 992331
15, 98000, 1.0, 1.0, 451626, 1007511
15, 100000, 1.0, 1.0, 466306, 1022329
16, 2000, 0.0, 0.0, 276, 26038
16, 4000, 0.0, 0.0, 1049, 51541
16, 6000, 0.6666666666666666, 0.0, 2415, 76932
16, 8000, 0.0, 0.08333333333333333, 4142, 102075
16, 10000, 0.0, 0.08333333333333333, 6271, 127000
16, 12000, 0.0, 0.16666666666666666, 9035, 151673
16, 14000, 0.3333333333333333, 0.16666666666666666, 12179, 176165
16, 16000, 0.3333333333333333, 0.3333333333333333, 15814, 200150
16, 18000, 0.3333333333333333, 0.6666666666666666, 19809, 223780
16, 20000, 0.6666666666666666, 0.8333333333333333, 24243, 247279
16, 22000, 1.0, 0.6666666666666666, 29061, 270631
16, 24000, 1.0, 0.7499999999999999, 34389, 293650
16, 26000, 0.3333333333333333, 0.41666666666666663, 40076, 316498
16, 28000, 0.3333333333333333, 0.7499999999999999, 46204, 339103
16, 30000, 1.0, 0.9166666666666666, 52638, 361367
16, 32000, 1.0, 0.6666666666666666, 59570, 383560
16, 34000, 1.0, 1.0, 66863, 405408
16, 36000, 1.0, 1.0, 74527, 427188
16, 38000, 1.0, 0.8333333333333333, 82491, 448779
16, 40000, 1.0, 0.9166666666666666, 90692, 470135
16, 42000, 1.0, 0.9166666666666666, 99447, 491230
16, 44000, 1.0, 1.0, 108489, 512276
16, 46000, 1.0, 1.0, 117717, 532718
16, 48000, 1.0, 1.0, 127463, 553497
16, 50000, 1.0, 1.0, 137280, 573593
16, 52000, 1.0, 1.0, 147531, 593587
16, 54000, 1.0, 1.0, 158043, 613387
16, 56000, 1.0, 1.0, 168738, 632811
16, 58000, 1.0, 1.0, 179777, 652164
16, 60000, 1.0, 1.0, 191091, 671423
16, 62000, 1.0, 1.0, 202684, 690397
16, 64000, 1.0, 1.0, 214594, 709247
16, 66000, 1.0, 1.0, 226696, 727899
16, 68000, 1.0, 1.0, 238897, 746262
16, 70000, 1.0, 1.0, 251349, 764398
16, 72000, 1.0, 1.0, 264160, 782323
16, 74000, 1.0, 1.0, 277097, 800102
16, 76000, 1.0, 1.0, 290097, 817410
16, 78000, 1.0, 1.0, 303278, 834532
16, 80000, 1.0, 1.0, 316620, 851344
16, 82000, 1.0, 1.0, 330188, 868111
16, 84000, 1.0, 1.0, 343869, 884624
16, 86000, 1.0, 1.0, 357772, 900990
16, 88000, 1.0, 1.0, 371750, 917015
16, 90000, 1.0, 1.0, 385790, 932805
16, 92000, 1.0, 1.0, 399959, 948351
16, 94000, 1.0, 1.0, 414238, 963658
16, 96000, 1.0, 1.0, 428340, 978533
16, 98000, 1.0, 1.0, 442350, 992955
16, 100000, 1.0, 1.0, 456286, 1007027
17, 2000, 0.0, 0.08333333333333333, 264, 25784
17, 4000, 0.0, 0.0, 1019, 51159
17, 6000, 0.0, 0.0, 2303, 76453
17, 8000, 0.0, 0.0, 4040, 101409
17, 10000, 0.3333333333333333, 0.08333333333333333, 6270, 126211
17, 12000, 0.0, 0.25, 9022, 151029
17, 14000, 0.3333333333333333, 0.5833333333333334, 12297, 175398
17, 16000, 1.0, 0.49999999999999994, 15940, 199632
17, 18000, 0.3333333333333333, 0.7499999999999999, 20078, 223423
17, 20000, 1.0, 0.7499999999999999, 24509, 246863
17, 22000, 1.0, 0.6666666666666666, 29435, 270043
17, 24000, 0.6666666666666666, 0.9166666666666666, 34841, 293009
17, 26000, 1.0, 0.9166666666666666, 40507, 315582
17, 28000, 1.0, 0.75, 46658, 337993
17, 30000, 0.6666666666666666, 0.9166666666666666, 53092, 360274
17, 32000, 1.0, 0.9166666666666666, 59905, 382491
17, 34000, 1.0, 0.9166666666666666, 67253, 404676
17, 36000, 1.0, 0.9166666666666666, 74956, 426730
17, 38000, 1.0, 0.9166666666666666, 82932, 448473
17, 40000, 1.0, 0.9166666666666666, 91276, 469915
17, 42000, 1.0, 1.0, 99959, 491245
17, 44000, 1.0, 1.0, 108976, 512363
17, 46000, 1.0, 1.0, 118383, 533266
17, 48000, 1.0, 1.0, 128077, 553967
17, 50000, 1.0, 1.0, 138139, 574823
17, 52000, 1.0, 1.0, 148446, 595105
17, 54000, 1.0, 1.0, 159131, 615285
17, 56000, 1.0, 1.0, 170107, 635215
17, 58000, 1.0, 1.0, 181424, 655146
17, 60000, 1.0, 1.0, 193055, 674703
17, 62000, 1.0, 1.0, 204848, 694201
17, 64000, 1.0, 1.0, 217048, 713480
17, 66000, 1.0, 1.0, 229498, 732757
17, 68000, 1.0, 1.0, 242339, 751801
17, 70000, 1.0, 1.0, 254998, 770137
17, 72000, 1.0, 1.0, 267841, 788252
17, 74000, 1.0, 1.0, 280987, 806234
17, 76000, 1.0, 1.0, 294536, 824289
17, 78000, 1.0, 1.0, 308201, 842036
17, 80000, 1.0, 1.0, 322135, 859607
17, 82000, 1.0, 1.0, 336365, 877208
17, 84000, 1.0, 1.0, 350537, 894282
17, 86000, 1.0, 1.0, 364752, 911020
17, 88000, 1.0, 1.0, 379350, 927775
17, 90000, 1.0, 1.0, 394121, 944346
17, 92000, 1.0, 1.0, 408965, 960654
17, 94000, 1.0, 1.0, 423751, 976515
17, 96000, 1.0, 1.0, 438370, 991932
17, 98000, 1.0, 1.0, 453116, 1007139
17, 100000, 1.0, 1.0, 467662, 1021837
18, 2000, 0.0, 0.0, 269, 25699
18, 4000, 0.0, 0.08333333333333333, 1040, 51296
18, 6000, 0.0, 0.0, 2294, 76665
18, 8000, 0.0, 0.0, 4074, 101705
18, 10000, 0.0, 0.0, 6306, 126642
18, 12000, 0.0, 0.25, 9024, 151102
18, 14000, 0.3333333333333333, 0.08333333333333333, 12242, 175387
18, 16000, 0.6666666666666666, 0.41666666666666663, 15849, 199193
18, 18000, 1.0, 0.5833333333333334, 19836, 223085
18, 20000, 1.0, 0.6666666666666667, 24397, 246547
18, 22000, 1.0, 0.8333333333333333, 29288, 269776
18, 24000, 1.0, 0.9166666666666666, 34637, 292865
18, 26000, 1.0, 0.9166666666666666, 40299, 315951
18, 28000, 1.0, 1.0, 46471, 338451
18, 30000, 1.0, 0.8333333333333334, 52848, 360853
18, 32000, 1.0, 0.9166666666666666, 59751, 383411
18, 34000, 1.0, 0.9166666666666666, 66985, 405362
18, 36000, 1.0, 1.0, 74683, 427375
18, 38000, 1.0, 1.0, 82790, 449080
18, 40000, 1.0, 1.0, 91195, 470517
18, 42000, 1.0, 1.0, 99948, 491863
18, 44000, 1.0, 1.0, 108989, 513078
18, 46000, 1.0, 1.0, 118396, 533990
18, 48000, 1.0, 1.0, 128110, 554750
18, 50000, 1.0, 1.0, 138014, 574992
18, 52000, 1.0, 1.0, 148179, 595170
18, 54000, 1.0, 1.0, 158794, 615218
18, 56000, 1.0, 1.0, 169771, 635139
18, 58000, 1.0, 1.0, 180954, 654827
18, 60000, 1.0, 1.0, 192503, 674256
18, 62000, 1.0, 1.0, 204260, 693543
18, 64000, 1.0, 1.0, 216106, 712391
18, 66000, 1.0, 1.0, 228379, 731316
18, 68000, 1.0, 1.0, 240893, 749928
18, 70000, 1.0, 1.0, 253810, 768538
18, 72000, 1.0, 1.0, 266670, 786727
18, 74000, 1.0, 1.0, 279698, 804762
18, 76000, 1.0, 1.0, 292958, 822513
18, 78000, 1.0, 1.0, 306590, 840276
18, 80000, 1.0, 1.0, 320298, 857572
18, 82000, 1.0, 1.0, 334212, 874770
18, 84000, 1.0, 1.0, 348339, 891807
18, 86000, 1.0, 1.0, 362454, 908456
18, 88000, 1.0, 1.0, 376676, 924799
18, 90000, 1.0, 1.0, 390988, 940859
18, 92000, 1.0, 1.0, 405382, 956733
18, 94000, 1.0, 1.0, 419726, 972196
18, 96000, 1.0, 1.0, 433927, 987113
18, 98000, 1.0, 1.0, 448398, 1002058
18, 100000, 1.0, 1.0, 462802, 1016623
19, 2000, 0.0, 0.0, 247, 25668
19, 4000, 0.0, 0.0, 1009, 51324
19, 6000, 0.3333333333333333, 0.0, 2280, 76797
19, 8000, 0.0, 0.0, 4038, 102009
19, 10000, 0.6666666666666666, 0.16666666666666666, 6238, 127061
19, 12000, 0.0, 0.0, 9040, 151701
19, 14000, 0.3333333333333333, 0.3333333333333333, 12122, 175772
19, 16000, 0.6666666666666666, 0.9166666666666666, 15727, 199835
19, 18000, 1.0, 0.7499999999999999, 19787, 223683
19, 20000, 0.0, 0.5833333333333333, 24203, 247281
19, 22000, 0.6666666666666666, 0.5833333333333333, 29050, 270543
19, 24000, 0.3333333333333333, 0.9166666666666666, 34291, 293387
19, 26000, 1.0, 0.8333333333333333, 40002, 316020
19, 28000, 1.0, 0.9166666666666666, 46106, 338510
19, 30000, 1.0, 1.0, 52548, 360830
19, 32000, 1.0, 0.9166666666666666, 59490, 382986
19, 34000, 1.0, 0.9166666666666666, 66628, 405000
19, 36000, 1.0, 1.0, 74205, 426603
19, 38000, 1.0, 1.0, 82259, 448286
19, 40000, 1.0, 1.0, 90730, 469749
19, 42000, 1.0, 1.0, 99531, 491184
19, 44000, 1.0, 1.0, 108569, 512280
19, 46000, 1.0, 1.0, 117797, 532962
19, 48000, 1.0, 1.0, 127737, 553966
19, 50000, 1.0, 1.0, 137834, 574566
19, 52000, 1.0, 1.0, 148354, 595181
19, 54000, 1.0, 1.0, 158991, 615418
19, 56000, 1.0, 1.0, 169908, 635375
19, 58000, 1.0, 1.0, 181463, 655419
19, 60000, 1.0, 0.9166666666666666, 193268, 675497
19, 62000, 1.0, 1.0, 205214, 695009
19, 64000, 1.0, 1.0, 217376, 714118
19, 66000, 1.0, 1.0, 229743, 733271
19, 68000, 1.0, 1.0, 242304, 752075
19, 70000, 1.0, 1.0, 255102, 770598
19, 72000, 1.0, 0.9166666666666666, 268319, 789114
19, 74000, 1.0, 1.0, 281756, 807581
19, 76000, 1.0, 1.0, 295620, 826042
19, 78000, 1.0, 1.0, 309505, 843982
19, 80000, 1.0, 1.0, 323636, 861857
19, 82000, 1.0, 1.0, 337754, 879235
19, 84000, 1.0, 1.0, 352006, 896323
19, 86000, 1.0, 1.0, 366571, 913399
19, 88000, 1.0, 1.0, 380964, 929972
19, 90000, 1.0, 1.0, 395344, 946156
19, 92000, 1.0, 1.0, 409813, 962043
19, 94000, 1.0, 1.0, 424423, 977732
19, 96000, 1.0, 1.0, 439172, 993268
19, 98000, 1.0, 1.0, 453871, 1008411
19, 100000, 1.0, 1.0, 468260, 1022960
20, 2000, 0.0, 0.0, 259, 25803
20, 4000, 0.0, 0.0, 1019, 51727
20, 6000, 0.0, 0.0, 2318, 77240
20, 8000, 0.0, 0.0, 4068, 102456
20, 10000, 0.3333333333333333, 0.41666666666666663, 6320, 127024
20, 12000, 0.0, 0.3333333333333333, 8957, 151560
20, 14000, 0.6666666666666666, 0.8333333333333333, 12006, 176002
20, 16000, 1.0, 0.75, 15595, 199930
20, 18000, 1.0, 0.75, 19707, 223775
20, 20000, 1.0, 0.6666666666666666, 24150, 247547
20, 22000, 1.0, 0.75, 29153, 270813
20, 24000, 1.0, 0.75, 34351, 294005
20, 26000, 1.0, 0.9166666666666666, 40093, 316816
20, 28000, 1.0, 0.75, 46176, 339474
20, 30000, 1.0, 1.0, 52631, 361729
20, 32000, 1.0, 1.0, 59393, 384019
20, 34000, 1.0, 0.9166666666666666, 66696, 406107
20, 36000, 1.0, 0.9166666666666666, 74281, 427922
20, 38000, 1.0, 1.0, 82193, 449681
20, 40000, 1.0, 1.0, 90571, 471039
20, 42000, 1.0, 1.0, 99284, 492297
20, 44000, 1.0, 0.8333333333333334, 108376, 513282
20, 46000, 1.0, 1.0, 117714, 534110
20, 48000, 1.0, 0.8333333333333334, 127316, 554741
20, 50000, 1.0, 1.0, 137420, 575404
20, 52000, 1.0, 1.0, 147739, 595851
20, 54000, 1.0, 1.0, 158361, 615822
20, 56000, 1.0, 1.0, 169377, 635930
20, 58000, 1.0, 1.0, 180677, 655611
20, 60000, 1.0, 1.0, 192227, 675181
20, 62000, 1.0, 1.0, 203876, 694536
20, 64000, 1.0, 1.0, 215948, 713647
20, 66000, 1.0, 1.0, 228436, 732861
20, 68000, 1.0, 1.0, 241105, 751854
20, 70000, 1.0, 1.0, 254096, 770642
20, 72000, 1.0, 1.0, 267244, 789057
20, 74000, 1.0, 1.0, 280596, 807500
20, 76000, 1.0, 1.0, 294299, 825888
20, 78000, 1.0, 1.0, 308229, 844008
20, 80000, 1.0, 1.0, 322362, 861989
20, 82000, 1.0, 1.0, 336506, 879543
20, 84000, 1.0, 1.0, 350793, 896748
20, 86000, 1.0, 1.0, 365206, 913768
20, 88000, 1.0, 1.0, 379753, 930494
20, 90000, 1.0, 1.0, 394354, 946943
20, 92000, 1.0, 1.0, 408747, 962678
20, 94000, 1.0, 1.0, 423213, 978247
20, 96000, 1.0, 1.0, 437730, 993530
20, 98000, 1.0, 1.0, 452071, 1008322
20, 100000, 1.0, 1.0, 466399, 1022807
21, 2000, 0.0, 0.0, 232, 25761
21, 4000, 0.0, 0.08333333333333333, 956, 51231
21, 6000, 0.0, 0.0, 2287, 76606
21, 8000, 0.0, 0.0, 4084, 101733
21, 10000, 0.0, 0.0, 6329, 126402
21, 12000, 0.0, 0.0, 9027, 150981
21, 14000, 0.0, 0.08333333333333333, 12179, 175318
21, 16000, 0.0, 0.3333333333333333, 15740, 199386
21, 18000, 0.6666666666666666, 0.75, 19878, 223172
21, 20000, 0.0, 0.6666666666666666, 24280, 246784
21, 22000, 1.0, 0.6666666666666667, 29167, 269996
21, 24000, 1.0, 1.0, 34474, 293229
21, 26000, 1.0, 1.0, 40213, 316144
21, 28000, 1.0, 1.0, 46379, 338846
21, 30000, 1.0, 1.0, 52828, 361321
21, 32000, 1.0, 1.0, 59781, 383467
21, 34000, 1.0, 1.0, 67136, 405510
21, 36000, 1.0, 0.9166666666666666, 74867, 427327
21, 38000, 1.0, 1.0, 83038, 448950
21, 40000, 1.0, 1.0, 91397, 470446
21, 42000, 1.0, 1.0, 100129, 491613
21, 44000, 1.0, 1.0, 109234, 512640
21, 46000, 1.0, 1.0, 118635, 533567
21, 48000, 1.0, 1.0, 128419, 554445
21, 50000, 1.0, 1.0, 138609, 574950
21, 52000, 1.0, 1.0, 148966, 595239
21, 54000, 1.0, 1.0, 159586, 615310
21, 56000, 1.0, 1.0, 170489, 635345
21, 58000, 1.0, 1.0, 181757, 655245
21, 60000, 1.0, 1.0, 193232, 674847
21, 62000, 1.0, 1.0, 205121, 694229
21, 64000, 1.0, 1.0, 217162, 713404
21, 66000, 1.0, 1.0, 229415, 732348
21, 68000, 1.0, 1.0, 242026, 751303
21, 70000, 1.0, 1.0, 254944, 769906
21, 72000, 1.0, 1.0, 268157, 788467
21, 74000, 1.0, 1.0, 281391, 806768
21, 76000, 1.0, 1.0, 294968, 824765
21, 78000, 1.0, 1.0, 308656, 842484
21, 80000, 1.0, 1.0, 322828, 860401
21, 82000, 1.0, 1.0, 336866, 877699
21, 84000, 1.0, 1.0, 351163, 894943
21, 86000, 1.0, 1.0, 365567, 911870
21, 88000, 1.0, 1.0, 380525, 929101
21, 90000, 1.0, 1.0, 395062, 945419
21, 92000, 1.0, 1.0, 410135, 962079
21, 94000, 1.0, 1.0, 425168, 978272
21, 96000, 1.0, 1.0, 441471, 995417
21, 98000, 1.0, 1.0, 457941, 1012381
21, 100000, 1.0, 1.0, 473058, 1027649
22, 2000, 0.0, 0.0, 241, 25788
22, 4000, 0.0, 0.0, 953, 51366
22, 6000, 0.0, 0.16666666666666666, 2230, 76867
22, 8000, 0.0, 0.16666666666666666, 4023, 101890
22, 10000, 0.0, 0.0, 6160, 126861
22, 12000, 0.0, 0.08333333333333333, 8902, 151574
22, 14000, 0.0, 0.08333333333333333, 12050, 175732
22, 16000, 0.0, 0.16666666666666666, 15743, 199859
22, 18000, 0.3333333333333333, 0.41666666666666663, 19816, 223640
22, 20000, 0.0, 0.3333333333333333, 24267, 247219
22, 22000, 0.0, 0.41666666666666663, 29130, 270612
22, 24000, 0.0, 0.41666666666666663, 34532, 293901
22, 26000, 0.6666666666666666, 0.5833333333333333, 40190, 316474
22, 28000, 0.3333333333333333, 0.5, 46272, 339062
22, 30000, 0.3333333333333333, 0.8333333333333333, 52840, 361511
22, 32000, 1.0, 0.6666666666666666, 59651, 383697
22, 34000, 0.3333333333333333, 0.9166666666666666, 66916, 405849
22, 36000, 0.3333333333333333, 1.0, 74510, 427630
22, 38000, 0.6666666666666666, 0.8333333333333333, 82529, 449135
22, 40000, 1.0, 0.8333333333333334, 90951, 470501
22, 42000, 1.0, 0.9166666666666666, 99531, 491622
22, 44000, 1.0, 0.9166666666666666, 108504, 512490
22, 46000, 1.0, 1.0, 117913, 533311
22, 48000, 1.0, 1.0, 127471, 553769
22, 50000, 1.0, 1.0, 137275, 573875
22, 52000, 1.0, 1.0, 147609, 594012
22, 54000, 1.0, 0.8333333333333333, 157969, 613764
22, 56000, 1.0, 1.0, 168891, 633506
22, 58000, 1.0, 0.9166666666666666, 179991, 652924
22, 60000, 1.0, 1.0, 191307, 672191
22, 62000, 1.0, 1.0, 202963, 691406
22, 64000, 0.3333333333333333, 0.9166666666666666, 214812, 710163
22, 66000, 1.0, 0.8333333333333333, 226884, 728608
22, 68000, 1.0, 0.9166666666666666, 239109, 746819
22, 70000, 1.0, 0.9166666666666666, 251818, 765140
22, 72000, 1.0, 0.9166666666666666, 264570, 783043
22, 74000, 1.0, 1.0, 277485, 800703
22, 76000, 0.6666666666666666, 0.9166666666666666, 290602, 818252
22, 78000, 1.0, 1.0, 303948, 835545
22, 80000, 0.6666666666666666, 1.0, 317334, 852414
22, 82000, 0.6666666666666666, 1.0, 330968, 869227
22, 84000, 0.6666666666666666, 1.0, 344824, 885960
22, 86000, 1.0, 1.0, 358675, 902170
22, 88000, 1.0, 1.0, 372619, 918229
22, 90000, 0.6666666666666666, 1.0, 386522, 933853
22, 92000, 0.3333333333333333, 0.9166666666666666, 400435, 949137
22, 94000, 1.0, 0.8333333333333333, 414426, 964216
22, 96000, 1.0, 1.0, 428389, 978889
22, 98000, 1.0, 1.0, 442210, 993166
22, 100000, 1.0, 0.9166666666666666, 456001, 1007120
23, 2000, 0.0, 0.0, 281, 25836
23, 4000, 0.0, 0.0, 1046, 51462
23, 6000, 0.0, 0.0, 2311, 76888
23, 8000, 0.0, 0.25, 4116, 102016
23, 10000, 0.3333333333333333, 0.08333333333333333, 6346, 127044
23, 12000, 0.3333333333333333, 0.49999999999999994, 8984, 151541
23, 14000, 0.3333333333333333, 0.3333333333333333, 12122, 175419
23, 16000, 1.0, 0.6666666666666666, 15676, 199219
23, 18000, 1.0, 0.8333333333333333, 19734, 223079
23, 20000, 1.0, 0.49999999999999994, 24174, 246319
23, 22000, 1.0, 0.8333333333333333, 29067, 269393
23, 24000, 1.0, 1.0, 34380, 292322
23, 26000, 1.0, 0.9166666666666666, 40045, 315207
23, 28000, 1.0, 1.0, 46217, 337608
23, 30000, 1.0, 0.9166666666666666, 52648, 359888
23, 32000, 1.0, 0.9166666666666666, 59653, 382067
23, 34000, 1.0, 1.0, 66806, 403894
23, 36000, 1.0, 1.0, 74361, 425701
23, 38000, 1.0, 1.0, 82253, 447140
23, 40000, 1.0, 1.0, 90584, 468521
23, 42000, 1.0, 1.0, 99189, 489756
23, 44000, 1.0, 1.0, 108291, 510815
23, 46000, 1.0, 0.9166666666666666, 117673, 531642
23, 48000, 1.0, 1.0, 127305, 552209
23, 50000, 1.0, 1.0, 137220, 572393
23, 52000, 1.0, 1.0, 147584, 592548
23, 54000, 1.0, 1.0, 158295, 612436
23, 56000, 1.0, 1.0, 169192, 632282
23, 58000, 1.0, 1.0, 180324, 651923
23, 60000, 1.0, 1.0, 191867, 671659
23, 62000, 1.0, 1.0, 203650, 691003
23, 64000, 1.0, 1.0, 215721, 710257
23, 66000, 1.0, 1.0, 228130, 729235
23, 68000, 1.0, 1.0, 240930, 748315
23, 70000, 1.0, 1.0, 253766, 766957
23, 72000, 1.0, 1.0, 266964, 785406
23, 74000, 1.0, 1.0, 280333, 803817
23, 76000, 1.0, 1.0, 294115, 822141
23, 78000, 1.0, 1.0, 307782, 839788
23, 80000, 1.0, 1.0, 321566, 857416
23, 82000, 1.0, 1.0, 335618, 874697
23, 84000, 1.0, 1.0, 349923, 891899
23, 86000, 1.0, 1.0, 364157, 908638
23, 88000, 1.0, 1.0, 378724, 925441
23, 90000, 1.0, 1.0, 393431, 941977
23, 92000, 1.0, 1.0, 408067, 958077
23, 94000, 1.0, 1.0, 422672, 973746
23, 96000, 1.0, 1.0, 437427, 989265
23, 98000, 1.0, 1.0, 452337, 1004643
23, 100000, 1.0, 1.0, 467624, 1020091
24, 2000, 0.0, 0.0, 242, 25733
24, 4000, 0.0, 0.0, 1017, 51452
24, 6000, 0.0, 0.0, 2322, 76805
24, 8000, 0.0, 0.0, 4031, 101794
24, 10000, 0.0, 0.08333333333333333, 6285, 126466
24, 12000, 0.0, 0.0, 9015, 151066
24, 14000, 0.3333333333333333, 0.16666666666666666, 12118, 175211
24, 16000, 0.0, 0.16666666666666666, 15725, 199210
24, 18000, 1.0, 0.5833333333333333, 19720, 223116
24, 20000, 1.0, 0.6666666666666666, 24219, 246422
24, 22000, 1.0, 0.6666666666666667, 28973, 269576
24, 24000, 0.6666666666666666, 0.7499999999999999, 34220, 292467
24, 26000, 1.0, 0.8333333333333333, 39987, 315397
24, 28000, 1.0, 0.9166666666666666, 45999, 337671
24, 30000, 1.0, 0.8333333333333334, 52405, 359896
24, 32000, 1.0, 1.0, 59299, 381966
24, 34000, 1.0, 0.8333333333333333, 66365, 403912
24, 36000, 1.0, 1.0, 73886, 425666
24, 38000, 1.0, 1.0, 81852, 447022
24, 40000, 1.0, 1.0, 90215, 468108
24, 42000, 1.0, 1.0, 98842, 489153
24, 44000, 1.0, 1.0, 107658, 509941
24, 46000, 1.0, 1.0, 117003, 530569
24, 48000, 1.0, 1.0, 126583, 551047
24, 50000, 1.0, 1.0, 136704, 571522
24, 52000, 1.0, 1.0, 146923, 591607
24, 54000, 1.0, 1.0, 157538, 611641
24, 56000, 1.0, 1.0, 168555, 631566
24, 58000, 1.0, 1.0, 179715, 651160
24, 60000, 1.0, 1.0, 191213, 670562
24, 62000, 1.0, 0.9166666666666666, 203172, 690142
24, 64000, 1.0, 1.0, 215157, 709255
24, 66000, 1.0, 1.0, 227608, 728371
24, 68000, 1.0, 1.0, 240222, 747214
24, 70000, 1.0, 1.0, 253119, 765859
24, 72000, 1.0, 1.0, 266028, 783979
24, 74000, 1.0, 1.0, 279208, 802097
24, 76000, 1.0, 1.0, 292583, 819892
24, 78000, 1.0, 1.0, 306205, 837537
24, 80000, 1.0, 1.0, 319786, 854871
24, 82000, 1.0, 1.0, 333477, 871743
24, 84000, 1.0, 1.0, 347291, 888376
24, 86000, 1.0, 1.0, 361401, 904953
24, 88000, 1.0, 1.0, 375601, 921346
24, 90000, 1.0, 1.0, 390002, 937525
24, 92000, 1.0, 1.0, 404372, 953270
24, 94000, 1.0, 1.0, 418570, 968625
24, 96000, 1.0, 1.0, 432966, 983787
24, 98000, 1.0, 1.0, 447224, 998484
24, 100000, 1.0, 1.0, 461482, 1012894
