controllers.TD.ntuple2.TDNTuple3Agt: USESYMMETRY:true, NORMALIZE:false, sigmoid:tanh, lambda:0.0, horizon:1, AFTERSTATE:false, learnFromRM: true
controllers.TD.ntuple2.TDNTuple3Agt: alpha_init->final:1.0->0.5, epsilon_init->final:0.2->0.0, gamma: 1.0
run, gameNum, evalQ, evalT, actionNum, trnMoves
0, 2000, 1.0, 0.8333333333333333, 15860, 17860
0, 4000, 1.0, 1.0, 31750, 35750
0, 6000, 1.0, 1.0, 47421, 53421
0, 8000, 1.0, 1.0, 62738, 70738
0, 10000, 1.0, 0.9166666666666666, 78786, 88786
0, 12000, 1.0, 0.9166666666666666, 94759, 106759
0, 14000, 1.0, 0.9166666666666666, 111032, 125032
0, 16000, 1.0, 1.0, 126654, 142654
0, 18000, 1.0, 1.0, 142151, 160151
0, 20000, 1.0, 1.0, 158378, 178378
0, 22000, 1.0, 0.9166666666666666, 174542, 196542
0, 24000, 1.0, 1.0, 190202, 214202
0, 26000, 1.0, 1.0, 206695, 232695
0, 28000, 1.0, 1.0, 223112, 251112
0, 30000, 1.0, 1.0, 238764, 268764
0, 32000, 1.0, 1.0, 254718, 286718
0, 34000, 1.0, 1.0, 270618, 304618
0, 36000, 1.0, 1.0, 286611, 322611
0, 38000, 1.0, 1.0, 301787, 339787
0, 40000, 1.0, 1.0, 316895, 356895
0, 42000, 1.0, 1.0, 332473, 374473
0, 44000, 1.0, 1.0, 347452, 391452
0, 46000, 1.0, 1.0, 363626, 409626
0, 48000, 1.0, 1.0, 378248, 426248
0, 50000, 1.0, 1.0, 393092, 443092
0, 52000, 1.0, 1.0, 408297, 460297
0, 54000, 1.0, 1.0, 422494, 476494
0, 56000, 1.0, 1.0, 436450, 492450
0, 58000, 1.0, 1.0, 451541, 509541
0, 60000, 1.0, 1.0, 466664, 526664
0, 62000, 1.0, 1.0, 480813, 542813
0, 64000, 1.0, 1.0, 494082, 558082
0, 66000, 1.0, 1.0, 507131, 573131
0, 68000, 1.0, 0.9166666666666666, 521204, 589204
0, 70000, 1.0, 1.0, 534814, 604814
0, 72000, 1.0, 1.0, 548452, 620452
0, 74000, 1.0, 1.0, 562414, 636414
0, 76000, 1.0, 1.0, 575847, 651847
0, 78000, 1.0, 1.0, 589159, 667159
0, 80000, 1.0, 1.0, 602316, 682316
0, 82000, 0.6666666666666666, 0.9166666666666666, 615278, 697278
0, 84000, 1.0, 1.0, 628320, 712320
0, 86000, 1.0, 1.0, 641186, 727186
0, 88000, 1.0, 1.0, 654120, 742120
0, 90000, 1.0, 1.0, 666781, 756781
0, 92000, 1.0, 1.0, 679119, 771119
0, 94000, 1.0, 0.9166666666666666, 691460, 785460
0, 96000, 1.0, 1.0, 703603, 799603
0, 98000, 1.0, 1.0, 715688, 813688
0, 100000, 1.0, 1.0, 727566, 827566
1, 2000, 0.0, 0.0, 18779, 20779
1, 4000, 1.0, 0.5833333333333333, 34345, 38345
1, 6000, 1.0, 0.8333333333333334, 51007, 57007
1, 8000, 0.3333333333333333, 1.0, 67101, 75101
1, 10000, 1.0, 0.9166666666666666, 83932, 93932
1, 12000, 1.0, 1.0, 99660, 111660
1, 14000, 1.0, 1.0, 115859, 129859
1, 16000, 1.0, 1.0, 131842, 147842
1, 18000, 1.0, 0.9166666666666666, 147910, 165910
1, 20000, 1.0, 1.0, 163740, 183740
1, 22000, 1.0, 1.0, 179947, 201947
1, 24000, 1.0, 1.0, 196001, 220001
1, 26000, 1.0, 1.0, 211622, 237622
1, 28000, 1.0, 1.0, 227180, 255180
1, 30000, 1.0, 0.5833333333333334, 243590, 273590
1, 32000, 1.0, 1.0, 260397, 292397
1, 34000, 1.0, 1.0, 276915, 310915
1, 36000, 1.0, 1.0, 293164, 329164
1, 38000, 1.0, 1.0, 309755, 347755
1, 40000, 1.0, 0.9166666666666666, 325250, 365250
1, 42000, 1.0, 1.0, 341099, 383099
1, 44000, 1.0, 1.0, 357142, 401142
1, 46000, 1.0, 1.0, 374028, 420028
1, 48000, 1.0, 1.0, 389061, 437061
1, 50000, 1.0, 1.0, 404749, 454749
1, 52000, 1.0, 1.0, 421633, 473633
1, 54000, 1.0, 1.0, 437073, 491073
1, 56000, 1.0, 1.0, 453835, 509835
1, 58000, 1.0, 1.0, 470848, 528848
1, 60000, 1.0, 1.0, 485174, 545174
1, 62000, 1.0, 1.0, 499756, 561756
1, 64000, 1.0, 1.0, 513960, 577960
1, 66000, 1.0, 1.0, 528941, 594941
1, 68000, 1.0, 1.0, 543155, 611155
1, 70000, 1.0, 1.0, 557301, 627301
1, 72000, 1.0, 1.0, 571359, 643359
1, 74000, 1.0, 1.0, 585481, 659481
1, 76000, 1.0, 1.0, 599556, 675556
1, 78000, 1.0, 1.0, 613609, 691609
1, 80000, 1.0, 1.0, 627418, 707418
1, 82000, 1.0, 1.0, 641133, 723133
1, 84000, 1.0, 1.0, 654675, 738675
1, 86000, 1.0, 1.0, 668588, 754588
1, 88000, 1.0, 1.0, 681458, 769458
1, 90000, 1.0, 1.0, 694322, 784322
1, 92000, 1.0, 1.0, 707268, 799268
1, 94000, 1.0, 1.0, 720141, 814141
1, 96000, 1.0, 1.0, 732845, 828845
1, 98000, 1.0, 1.0, 745208, 843208
1, 100000, 1.0, 1.0, 757641, 857641
2, 2000, 0.0, 0.0, 18688, 20688
2, 4000, 0.0, 0.75, 34746, 38746
2, 6000, 1.0, 0.9166666666666666, 50272, 56272
2, 8000, 0.6666666666666666, 1.0, 66740, 74740
2, 10000, 1.0, 1.0, 82369, 92369
2, 12000, 1.0, 0.8333333333333334, 97916, 109916
2, 14000, 1.0, 0.8333333333333333, 113666, 127666
2, 16000, 1.0, 1.0, 129193, 145193
2, 18000, 1.0, 1.0, 144748, 162748
2, 20000, 1.0, 0.8333333333333333, 159997, 179997
2, 22000, 1.0, 1.0, 175849, 197849
2, 24000, 1.0, 0.8333333333333333, 191604, 215604
2, 26000, 1.0, 0.9166666666666666, 206866, 232866
2, 28000, 1.0, 1.0, 222044, 250044
2, 30000, 1.0, 0.9166666666666666, 237101, 267101
2, 32000, 1.0, 1.0, 252594, 284594
2, 34000, 1.0, 0.9166666666666666, 267389, 301389
2, 36000, 1.0, 0.9166666666666666, 282829, 318829
2, 38000, 1.0, 1.0, 297204, 335204
2, 40000, 1.0, 0.9166666666666666, 312151, 352151
2, 42000, 1.0, 0.7499999999999999, 326519, 368519
2, 44000, 1.0, 1.0, 341216, 385216
2, 46000, 1.0, 1.0, 356570, 402570
2, 48000, 1.0, 0.9166666666666666, 372220, 420220
2, 50000, 1.0, 1.0, 388001, 438001
2, 52000, 1.0, 1.0, 403072, 455072
2, 54000, 1.0, 1.0, 417691, 471691
2, 56000, 1.0, 1.0, 433586, 489586
2, 58000, 1.0, 0.9166666666666666, 447572, 505572
2, 60000, 1.0, 0.9166666666666666, 461859, 521859
2, 62000, 1.0, 1.0, 475695, 537695
2, 64000, 0.6666666666666666, 1.0, 490565, 554565
2, 66000, 1.0, 1.0, 504071, 570071
2, 68000, 1.0, 1.0, 517454, 585454
2, 70000, 1.0, 1.0, 531122, 601122
2, 72000, 1.0, 1.0, 545016, 617016
2, 74000, 1.0, 1.0, 559064, 633064
2, 76000, 1.0, 1.0, 572639, 648639
2, 78000, 1.0, 1.0, 586169, 664169
2, 80000, 1.0, 1.0, 599353, 679353
2, 82000, 1.0, 1.0, 612378, 694378
2, 84000, 1.0, 1.0, 625449, 709449
2, 86000, 1.0, 1.0, 638515, 724515
2, 88000, 1.0, 1.0, 651612, 739612
2, 90000, 1.0, 1.0, 664711, 754711
2, 92000, 1.0, 1.0, 678077, 770077
2, 94000, 1.0, 1.0, 691801, 785801
2, 96000, 1.0, 1.0, 705084, 801084
2, 98000, 1.0, 1.0, 718111, 816111
2, 100000, 1.0, 1.0, 730768, 830768
3, 2000, 0.0, 0.0, 18867, 20867
3, 4000, 1.0, 0.75, 34901, 38901
3, 6000, 1.0, 0.6666666666666666, 50313, 56313
3, 8000, 1.0, 0.8333333333333334, 65991, 73991
3, 10000, 1.0, 1.0, 81531, 91531
3, 12000, 1.0, 1.0, 96533, 108533
3, 14000, 1.0, 1.0, 112537, 126537
3, 16000, 1.0, 1.0, 128444, 144444
3, 18000, 1.0, 1.0, 143830, 161830
3, 20000, 1.0, 1.0, 159701, 179701
3, 22000, 1.0, 1.0, 175633, 197633
3, 24000, 1.0, 1.0, 191071, 215071
3, 26000, 1.0, 1.0, 207176, 233176
3, 28000, 1.0, 1.0, 222912, 250912
3, 30000, 1.0, 1.0, 238531, 268531
3, 32000, 1.0, 1.0, 254135, 286135
3, 34000, 1.0, 1.0, 269744, 303744
3, 36000, 1.0, 1.0, 285666, 321666
3, 38000, 1.0, 1.0, 300522, 338522
3, 40000, 1.0, 1.0, 316103, 356103
3, 42000, 0.6666666666666666, 1.0, 331358, 373358
3, 44000, 1.0, 1.0, 346983, 390983
3, 46000, 1.0, 1.0, 361698, 407698
3, 48000, 1.0, 1.0, 376294, 424294
3, 50000, 1.0, 1.0, 391423, 441423
3, 52000, 1.0, 1.0, 406853, 458853
3, 54000, 1.0, 1.0, 421903, 475903
3, 56000, 1.0, 1.0, 437993, 493993
3, 58000, 1.0, 0.8333333333333333, 454674, 512674
3, 60000, 1.0, 1.0, 470529, 530529
3, 62000, 1.0, 1.0, 484717, 546717
3, 64000, 1.0, 1.0, 499013, 563013
3, 66000, 1.0, 1.0, 512971, 578971
3, 68000, 1.0, 1.0, 527360, 595360
3, 70000, 1.0, 1.0, 541496, 611496
3, 72000, 1.0, 1.0, 555345, 627345
3, 74000, 1.0, 1.0, 569293, 643293
3, 76000, 1.0, 1.0, 584501, 660501
3, 78000, 1.0, 1.0, 598239, 676239
3, 80000, 1.0, 1.0, 612453, 692453
3, 82000, 1.0, 1.0, 626633, 708633
3, 84000, 1.0, 1.0, 640581, 724581
3, 86000, 1.0, 1.0, 654777, 740777
3, 88000, 1.0, 1.0, 668923, 756923
3, 90000, 1.0, 1.0, 683643, 773643
3, 92000, 1.0, 1.0, 697642, 789642
3, 94000, 1.0, 1.0, 710893, 804893
3, 96000, 1.0, 1.0, 724109, 820109
3, 98000, 1.0, 1.0, 739918, 837918
3, 100000, 1.0, 1.0, 754952, 854952
4, 2000, 0.0, 0.0, 18757, 20757
4, 4000, 1.0, 0.9166666666666666, 34602, 38602
4, 6000, 1.0, 1.0, 50176, 56176
4, 8000, 1.0, 1.0, 66857, 74857
4, 10000, 1.0, 0.6666666666666666, 82567, 92567
4, 12000, 1.0, 1.0, 99179, 111179
4, 14000, 1.0, 0.9166666666666666, 115189, 129189
4, 16000, 1.0, 0.8333333333333334, 130831, 146831
4, 18000, 1.0, 1.0, 146555, 164555
4, 20000, 1.0, 0.9166666666666666, 162013, 182013
4, 22000, 1.0, 1.0, 178084, 200084
4, 24000, 1.0, 0.8333333333333334, 193516, 217516
4, 26000, 1.0, 1.0, 209603, 235603
4, 28000, 1.0, 1.0, 225800, 253800
4, 30000, 1.0, 1.0, 241730, 271730
4, 32000, 1.0, 1.0, 257774, 289774
4, 34000, 1.0, 1.0, 273658, 307658
4, 36000, 1.0, 1.0, 288865, 324865
4, 38000, 1.0, 0.9166666666666666, 304398, 342398
4, 40000, 1.0, 1.0, 320904, 360904
4, 42000, 1.0, 1.0, 337252, 379252
4, 44000, 1.0, 1.0, 352684, 396684
4, 46000, 1.0, 1.0, 368204, 414204
4, 48000, 1.0, 1.0, 384026, 432026
4, 50000, 1.0, 1.0, 399799, 449799
4, 52000, 1.0, 1.0, 416099, 468099
4, 54000, 1.0, 1.0, 431567, 485567
4, 56000, 1.0, 1.0, 447478, 503478
4, 58000, 1.0, 1.0, 462474, 520474
4, 60000, 1.0, 1.0, 478074, 538074
4, 62000, 1.0, 1.0, 492695, 554695
4, 64000, 1.0, 1.0, 508277, 572277
4, 66000, 1.0, 1.0, 523713, 589713
4, 68000, 1.0, 1.0, 537942, 605942
4, 70000, 1.0, 1.0, 551736, 621736
4, 72000, 1.0, 1.0, 565378, 637378
4, 74000, 1.0, 1.0, 579396, 653396
4, 76000, 1.0, 1.0, 592662, 668662
4, 78000, 1.0, 1.0, 606118, 684118
4, 80000, 1.0, 1.0, 619207, 699207
4, 82000, 1.0, 1.0, 632798, 714798
4, 84000, 1.0, 1.0, 645705, 729705
4, 86000, 1.0, 1.0, 658932, 744932
4, 88000, 1.0, 1.0, 671703, 759703
4, 90000, 1.0, 1.0, 684762, 774762
4, 92000, 1.0, 1.0, 697678, 789678
4, 94000, 1.0, 1.0, 710289, 804289
4, 96000, 1.0, 1.0, 722989, 818989
4, 98000, 1.0, 1.0, 735511, 833511
4, 100000, 1.0, 1.0, 747955, 847955
5, 2000, 0.0, 0.0, 18862, 20862
5, 4000, 1.0, 0.8333333333333333, 34818, 38818
5, 6000, 1.0, 0.7499999999999999, 50933, 56933
5, 8000, 1.0, 0.9166666666666666, 66623, 74623
5, 10000, 1.0, 1.0, 82663, 92663
5, 12000, 1.0, 1.0, 98545, 110545
5, 14000, 1.0, 1.0, 114700, 128700
5, 16000, 1.0, 1.0, 130979, 146979
5, 18000, 1.0, 1.0, 146781, 164781
5, 20000, 1.0, 1.0, 161917, 181917
5, 22000, 1.0, 1.0, 177622, 199622
5, 24000, 1.0, 1.0, 193836, 217836
5, 26000, 1.0, 0.8333333333333333, 209167, 235167
5, 28000, 1.0, 1.0, 224892, 252892
5, 30000, 1.0, 1.0, 241542, 271542
5, 32000, 1.0, 1.0, 257809, 289809
5, 34000, 1.0, 1.0, 273395, 307395
5, 36000, 1.0, 1.0, 289245, 325245
5, 38000, 1.0, 1.0, 304839, 342839
5, 40000, 1.0, 1.0, 320504, 360504
5, 42000, 1.0, 1.0, 336058, 378058
5, 44000, 1.0, 1.0, 351748, 395748
5, 46000, 1.0, 1.0, 367265, 413265
5, 48000, 1.0, 1.0, 382385, 430385
5, 50000, 1.0, 1.0, 397570, 447570
5, 52000, 1.0, 1.0, 412300, 464300
5, 54000, 1.0, 1.0, 427172, 481172
5, 56000, 1.0, 1.0, 441727, 497727
5, 58000, 1.0, 1.0, 457494, 515494
5, 60000, 1.0, 1.0, 471878, 531878
5, 62000, 1.0, 1.0, 485822, 547822
5, 64000, 1.0, 1.0, 501009, 565009
5, 66000, 1.0, 1.0, 515064, 581064
5, 68000, 1.0, 1.0, 529873, 597873
5, 70000, 1.0, 1.0, 544249, 614249
5, 72000, 1.0, 1.0, 558239, 630239
5, 74000, 1.0, 1.0, 574134, 648134
5, 76000, 1.0, 1.0, 588370, 664370
5, 78000, 1.0, 1.0, 601439, 679439
5, 80000, 1.0, 1.0, 614878, 694878
5, 82000, 1.0, 1.0, 627888, 709888
5, 84000, 1.0, 1.0, 641533, 725533
5, 86000, 1.0, 1.0, 654664, 740664
5, 88000, 1.0, 1.0, 667467, 755467
5, 90000, 1.0, 1.0, 680309, 770309
5, 92000, 1.0, 1.0, 692663, 784663
5, 94000, 1.0, 1.0, 705133, 799133
5, 96000, 1.0, 1.0, 717593, 813593
5, 98000, 1.0, 1.0, 729994, 827994
5, 100000, 1.0, 1.0, 742267, 842267
6, 2000, 0.0, 0.0, 18794, 20794
6, 4000, 1.0, 0.9166666666666666, 34382, 38382
6, 6000, 1.0, 0.9166666666666666, 49485, 55485
6, 8000, 1.0, 1.0, 65221, 73221
6, 10000, 1.0, 1.0, 80594, 90594
6, 12000, 1.0, 1.0, 96226, 108226
6, 14000, 1.0, 1.0, 112409, 126409
6, 16000, 1.0, 1.0, 127852, 143852
6, 18000, 1.0, 1.0, 143877, 161877
6, 20000, 1.0, 1.0, 159811, 179811
6, 22000, 1.0, 1.0, 176350, 198350
6, 24000, 1.0, 0.75, 191922, 215922
6, 26000, 1.0, 1.0, 208035, 234035
6, 28000, 1.0, 1.0, 224573, 252573
6, 30000, 1.0, 1.0, 240244, 270244
6, 32000, 1.0, 1.0, 255981, 287981
6, 34000, 1.0, 1.0, 272009, 306009
6, 36000, 1.0, 1.0, 287175, 323175
6, 38000, 1.0, 1.0, 302997, 340997
6, 40000, 1.0, 1.0, 319493, 359493
6, 42000, 1.0, 1.0, 334736, 376736
6, 44000, 1.0, 1.0, 350706, 394706
6, 46000, 1.0, 1.0, 366238, 412238
6, 48000, 1.0, 1.0, 382206, 430206
6, 50000, 1.0, 0.9166666666666666, 397824, 447824
6, 52000, 1.0, 1.0, 413588, 465588
6, 54000, 1.0, 1.0, 430138, 484138
6, 56000, 1.0, 1.0, 446405, 502405
6, 58000, 1.0, 1.0, 461566, 519566
6, 60000, 1.0, 1.0, 476076, 536076
6, 62000, 1.0, 1.0, 490193, 552193
6, 64000, 1.0, 1.0, 506011, 570011
6, 66000, 1.0, 1.0, 520588, 586588
6, 68000, 1.0, 1.0, 535500, 603500
6, 70000, 1.0, 1.0, 549808, 619808
6, 72000, 1.0, 1.0, 564065, 636065
6, 74000, 1.0, 1.0, 577962, 651962
6, 76000, 1.0, 1.0, 591700, 667700
6, 78000, 1.0, 0.9166666666666666, 605372, 683372
6, 80000, 1.0, 1.0, 619495, 699495
6, 82000, 1.0, 1.0, 633249, 715249
6, 84000, 1.0, 1.0, 645936, 729936
6, 86000, 1.0, 1.0, 658928, 744928
6, 88000, 1.0, 1.0, 671881, 759881
6, 90000, 1.0, 1.0, 684880, 774880
6, 92000, 1.0, 1.0, 698130, 790130
6, 94000, 1.0, 0.9166666666666666, 711130, 805130
6, 96000, 1.0, 0.9166666666666666, 724166, 820166
6, 98000, 1.0, 1.0, 736863, 834863
6, 100000, 1.0, 1.0, 749233, 849233
7, 2000, 0.0, 0.08333333333333333, 18895, 20895
7, 4000, 1.0, 1.0, 34268, 38268
7, 6000, 1.0, 0.5, 49395, 55395
7, 8000, 1.0, 0.9166666666666666, 65056, 73056
7, 10000, 1.0, 1.0, 81207, 91207
7, 12000, 1.0, 1.0, 97082, 109082
7, 14000, 1.0, 1.0, 112876, 126876
7, 16000, 1.0, 1.0, 128365, 144365
7, 18000, 1.0, 0.9166666666666666, 143901, 161901
7, 20000, 1.0, 1.0, 160333, 180333
7, 22000, 1.0, 0.9166666666666666, 175454, 197454
7, 24000, 1.0, 1.0, 191924, 215924
7, 26000, 1.0, 1.0, 207178, 233178
7, 28000, 1.0, 1.0, 222754, 250754
7, 30000, 1.0, 1.0, 238470, 268470
7, 32000, 1.0, 1.0, 254502, 286502
7, 34000, 1.0, 1.0, 270124, 304124
7, 36000, 1.0, 1.0, 286556, 322556
7, 38000, 1.0, 1.0, 301992, 339992
7, 40000, 1.0, 1.0, 317232, 357232
7, 42000, 1.0, 1.0, 332597, 374597
7, 44000, 1.0, 1.0, 348754, 392754
7, 46000, 1.0, 1.0, 363839, 409839
7, 48000, 1.0, 1.0, 378629, 426629
7, 50000, 1.0, 1.0, 394290, 444290
7, 52000, 1.0, 1.0, 409770, 461770
7, 54000, 1.0, 1.0, 424767, 478767
7, 56000, 1.0, 1.0, 439065, 495065
7, 58000, 1.0, 1.0, 453645, 511645
7, 60000, 1.0, 0.9166666666666666, 467800, 527800
7, 62000, 1.0, 1.0, 481843, 543843
7, 64000, 1.0, 1.0, 496541, 560541
7, 66000, 1.0, 1.0, 511795, 577795
7, 68000, 1.0, 1.0, 527974, 595974
7, 70000, 1.0, 1.0, 542227, 612227
7, 72000, 1.0, 1.0, 556212, 628212
7, 74000, 1.0, 1.0, 569996, 643996
7, 76000, 1.0, 1.0, 583344, 659344
7, 78000, 1.0, 1.0, 597584, 675584
7, 80000, 1.0, 1.0, 611449, 691449
7, 82000, 1.0, 1.0, 625282, 707282
7, 84000, 1.0, 1.0, 638464, 722464
7, 86000, 1.0, 1.0, 651396, 737396
7, 88000, 1.0, 1.0, 664344, 752344
7, 90000, 1.0, 1.0, 677220, 767220
7, 92000, 1.0, 1.0, 690016, 782016
7, 94000, 1.0, 1.0, 702647, 796647
7, 96000, 1.0, 1.0, 715186, 811186
7, 98000, 1.0, 1.0, 727588, 825588
7, 100000, 1.0, 1.0, 740084, 840084
8, 2000, 0.0, 0.0, 18832, 20832
8, 4000, 1.0, 0.8333333333333333, 34318, 38318
8, 6000, 1.0, 0.9166666666666666, 49347, 55347
8, 8000, 1.0, 1.0, 64754, 72754
8, 10000, 1.0, 1.0, 80566, 90566
8, 12000, 1.0, 1.0, 96026, 108026
8, 14000, 1.0, 1.0, 111703, 125703
8, 16000, 1.0, 1.0, 128033, 144033
8, 18000, 1.0, 1.0, 143748, 161748
8, 20000, 1.0, 0.75, 159314, 179314
8, 22000, 1.0, 1.0, 175264, 197264
8, 24000, 1.0, 1.0, 191231, 215231
8, 26000, 1.0, 0.9166666666666666, 206603, 232603
8, 28000, 1.0, 1.0, 222369, 250369
8, 30000, 1.0, 1.0, 238150, 268150
8, 32000, 1.0, 1.0, 253097, 285097
8, 34000, 0.6666666666666666, 1.0, 268731, 302731
8, 36000, 1.0, 1.0, 284147, 320147
8, 38000, 1.0, 1.0, 299872, 337872
8, 40000, 1.0, 1.0, 315396, 355396
8, 42000, 1.0, 1.0, 330312, 372312
8, 44000, 1.0, 1.0, 345450, 389450
8, 46000, 1.0, 1.0, 359942, 405942
8, 48000, 1.0, 1.0, 375553, 423553
8, 50000, 1.0, 1.0, 390847, 440847
8, 52000, 1.0, 1.0, 406030, 458030
8, 54000, 1.0, 1.0, 419964, 473964
8, 56000, 1.0, 1.0, 434400, 490400
8, 58000, 1.0, 1.0, 450270, 508270
8, 60000, 1.0, 1.0, 465344, 525344
8, 62000, 1.0, 1.0, 480278, 542278
8, 64000, 1.0, 1.0, 494333, 558333
8, 66000, 1.0, 1.0, 508637, 574637
8, 68000, 1.0, 1.0, 523183, 591183
8, 70000, 1.0, 1.0, 537091, 607091
8, 72000, 1.0, 1.0, 551828, 623828
8, 74000, 1.0, 1.0, 565701, 639701
8, 76000, 1.0, 1.0, 579410, 655410
8, 78000, 1.0, 1.0, 593274, 671274
8, 80000, 1.0, 1.0, 606870, 686870
8, 82000, 1.0, 1.0, 620188, 702188
8, 84000, 1.0, 1.0, 633358, 717358
8, 86000, 1.0, 1.0, 646672, 732672
8, 88000, 1.0, 1.0, 660674, 748674
8, 90000, 1.0, 1.0, 673994, 763994
8, 92000, 1.0, 1.0, 686690, 778690
8, 94000, 1.0, 1.0, 699486, 793486
8, 96000, 1.0, 1.0, 712850, 808850
8, 98000, 1.0, 1.0, 725999, 823999
8, 100000, 1.0, 1.0, 739030, 839030
9, 2000, 0.0, 0.0, 18801, 20801
9, 4000, 0.0, 0.41666666666666663, 35461, 39461
9, 6000, 1.0, 0.8333333333333333, 51840, 57840
9, 8000, 1.0, 0.9166666666666666, 67293, 75293
9, 10000, 1.0, 1.0, 82683, 92683
9, 12000, 1.0, 0.75, 98470, 110470
9, 14000, 1.0, 1.0, 114338, 128338
9, 16000, 1.0, 0.9166666666666666, 130202, 146202
9, 18000, 1.0, 1.0, 146106, 164106
9, 20000, 1.0, 1.0, 161586, 181586
9, 22000, 1.0, 1.0, 177250, 199250
9, 24000, 1.0, 1.0, 192244, 216244
9, 26000, 1.0, 0.9166666666666666, 207933, 233933
9, 28000, 1.0, 1.0, 223106, 251106
9, 30000, 1.0, 0.9166666666666666, 238261, 268261
9, 32000, 1.0, 0.9166666666666666, 253336, 285336
9, 34000, 1.0, 1.0, 269006, 303006
9, 36000, 1.0, 0.9166666666666666, 284442, 320442
9, 38000, 1.0, 1.0, 299552, 337552
9, 40000, 1.0, 0.9166666666666666, 314333, 354333
9, 42000, 1.0, 0.9166666666666666, 328950, 370950
9, 44000, 0.6666666666666666, 1.0, 343362, 387362
9, 46000, 1.0, 1.0, 357759, 403759
9, 48000, 1.0, 1.0, 372033, 420033
9, 50000, 1.0, 1.0, 387468, 437468
9, 52000, 1.0, 1.0, 402046, 454046
9, 54000, 1.0, 0.9166666666666666, 416305, 470305
9, 56000, 1.0, 1.0, 431017, 487017
9, 58000, 1.0, 1.0, 445308, 503308
9, 60000, 1.0, 1.0, 459452, 519452
9, 62000, 0.6666666666666666, 0.8333333333333333, 472889, 534889
9, 64000, 1.0, 1.0, 486449, 550449
9, 66000, 1.0, 1.0, 500765, 566765
9, 68000, 1.0, 0.9166666666666666, 514984, 582984
9, 70000, 1.0, 0.9166666666666666, 529263, 599263
9, 72000, 1.0, 1.0, 543336, 615336
9, 74000, 1.0, 1.0, 556520, 630520
9, 76000, 1.0, 1.0, 570902, 646902
9, 78000, 0.6666666666666666, 0.8333333333333333, 583783, 661783
9, 80000, 1.0, 1.0, 596606, 676606
9, 82000, 1.0, 0.8333333333333333, 610120, 692120
9, 84000, 0.6666666666666666, 0.9166666666666666, 623372, 707372
9, 86000, 1.0, 1.0, 636346, 722346
9, 88000, 0.6666666666666666, 0.9166666666666666, 649034, 737034
9, 90000, 1.0, 1.0, 661523, 751523
9, 92000, 1.0, 1.0, 673900, 765900
9, 94000, 1.0, 1.0, 686326, 780326
9, 96000, 1.0, 0.9166666666666666, 699086, 795086
9, 98000, 1.0, 1.0, 713005, 811005
9, 100000, 1.0, 0.9166666666666666, 726483, 826483
10, 2000, 0.0, 0.08333333333333333, 18718, 20718
10, 4000, 0.6666666666666666, 0.7499999999999999, 34755, 38755
10, 6000, 1.0, 0.75, 50309, 56309
10, 8000, 1.0, 0.75, 65402, 73402
10, 10000, 1.0, 0.8333333333333334, 81332, 91332
10, 12000, 1.0, 1.0, 97491, 109491
10, 14000, 1.0, 1.0, 113363, 127363
10, 16000, 1.0, 1.0, 128820, 144820
10, 18000, 1.0, 1.0, 144773, 162773
10, 20000, 1.0, 0.9166666666666666, 159965, 179965
10, 22000, 1.0, 1.0, 175195, 197195
10, 24000, 1.0, 1.0, 190850, 214850
10, 26000, 1.0, 1.0, 206459, 232459
10, 28000, 1.0, 1.0, 222380, 250380
10, 30000, 1.0, 1.0, 238051, 268051
10, 32000, 1.0, 1.0, 253406, 285406
10, 34000, 1.0, 1.0, 268625, 302625
10, 36000, 1.0, 1.0, 284359, 320359
10, 38000, 1.0, 1.0, 299709, 337709
10, 40000, 1.0, 1.0, 315081, 355081
10, 42000, 1.0, 0.8333333333333333, 329886, 371886
10, 44000, 1.0, 0.9166666666666666, 345501, 389501
10, 46000, 1.0, 1.0, 360512, 406512
10, 48000, 1.0, 1.0, 375044, 423044
10, 50000, 1.0, 1.0, 390694, 440694
10, 52000, 1.0, 1.0, 406462, 458462
10, 54000, 1.0, 1.0, 421844, 475844
10, 56000, 1.0, 1.0, 436859, 492859
10, 58000, 1.0, 0.9166666666666666, 451967, 509967
10, 60000, 1.0, 0.9166666666666666, 466576, 526576
10, 62000, 1.0, 0.9166666666666666, 481066, 543066
10, 64000, 1.0, 1.0, 497023, 561023
10, 66000, 1.0, 1.0, 512151, 578151
10, 68000, 1.0, 1.0, 526260, 594260
10, 70000, 1.0, 1.0, 540371, 610371
10, 72000, 1.0, 1.0, 553957, 625957
10, 74000, 1.0, 1.0, 569597, 643597
10, 76000, 0.6666666666666666, 1.0, 584058, 660058
10, 78000, 1.0, 1.0, 597902, 675902
10, 80000, 1.0, 1.0, 611276, 691276
10, 82000, 1.0, 1.0, 625282, 707282
10, 84000, 1.0, 1.0, 638548, 722548
10, 86000, 1.0, 1.0, 651631, 737631
10, 88000, 1.0, 1.0, 664534, 752534
10, 90000, 1.0, 1.0, 677336, 767336
10, 92000, 1.0, 1.0, 689964, 781964
10, 94000, 1.0, 1.0, 702506, 796506
10, 96000, 1.0, 1.0, 715021, 811021
10, 98000, 1.0, 1.0, 727342, 825342
10, 100000, 1.0, 1.0, 739584, 839584
11, 2000, 0.0, 0.0, 18639, 20639
11, 4000, 1.0, 0.5833333333333333, 34354, 38354
11, 6000, 1.0, 0.75, 48974, 54974
11, 8000, 1.0, 0.8333333333333334, 63924, 71924
11, 10000, 1.0, 1.0, 79035, 89035
11, 12000, 1.0, 0.9166666666666666, 93872, 105872
11, 14000, 1.0, 0.5, 109486, 123486
11, 16000, 1.0, 1.0, 124925, 140925
11, 18000, 1.0, 0.8333333333333334, 140632, 158632
11, 20000, 1.0, 1.0, 156586, 176586
11, 22000, 1.0, 1.0, 171822, 193822
11, 24000, 1.0, 1.0, 186583, 210583
11, 26000, 1.0, 1.0, 202282, 228282
11, 28000, 1.0, 1.0, 217889, 245889
11, 30000, 1.0, 0.9166666666666666, 233199, 263199
11, 32000, 1.0, 1.0, 248683, 280683
11, 34000, 1.0, 0.9166666666666666, 264006, 298006
11, 36000, 1.0, 0.75, 279021, 315021
11, 38000, 1.0, 1.0, 293889, 331889
11, 40000, 0.6666666666666666, 1.0, 308713, 348713
11, 42000, 1.0, 1.0, 323867, 365867
11, 44000, 1.0, 1.0, 339204, 383204
11, 46000, 1.0, 0.8333333333333333, 354039, 400039
11, 48000, 1.0, 1.0, 369320, 417320
11, 50000, 1.0, 1.0, 385187, 435187
11, 52000, 1.0, 0.9166666666666666, 400416, 452416
11, 54000, 1.0, 1.0, 415282, 469282
11, 56000, 1.0, 1.0, 430636, 486636
11, 58000, 1.0, 1.0, 444986, 502986
11, 60000, 1.0, 1.0, 459267, 519267
11, 62000, 1.0, 1.0, 473986, 535986
11, 64000, 1.0, 1.0, 487600, 551600
11, 66000, 1.0, 1.0, 502556, 568556
11, 68000, 1.0, 1.0, 516130, 584130
11, 70000, 1.0, 1.0, 529489, 599489
11, 72000, 1.0, 1.0, 542756, 614756
11, 74000, 1.0, 1.0, 555858, 629858
11, 76000, 1.0, 1.0, 568915, 644915
11, 78000, 1.0, 1.0, 582067, 660067
11, 80000, 1.0, 1.0, 595516, 675516
11, 82000, 1.0, 1.0, 608804, 690804
11, 84000, 1.0, 1.0, 621530, 705530
11, 86000, 1.0, 1.0, 634238, 720238
11, 88000, 1.0, 0.9166666666666666, 646674, 734674
11, 90000, 1.0, 1.0, 659190, 749190
11, 92000, 1.0, 1.0, 671282, 763282
11, 94000, 1.0, 1.0, 683304, 777304
11, 96000, 1.0, 1.0, 695248, 791248
11, 98000, 1.0, 1.0, 707113, 805113
11, 100000, 1.0, 1.0, 719094, 819094
12, 2000, 0.0, 0.0, 18941, 20941
12, 4000, 0.6666666666666666, 0.7499999999999999, 34467, 38467
12, 6000, 1.0, 0.9166666666666666, 50026, 56026
12, 8000, 1.0, 0.75, 65160, 73160
12, 10000, 1.0, 1.0, 80264, 90264
12, 12000, 1.0, 1.0, 95782, 107782
12, 14000, 1.0, 1.0, 111483, 125483
12, 16000, 1.0, 1.0, 128017, 144017
12, 18000, 1.0, 1.0, 144078, 162078
12, 20000, 1.0, 0.8333333333333333, 159559, 179559
12, 22000, 1.0, 0.9166666666666666, 175715, 197715
12, 24000, 1.0, 0.9166666666666666, 191499, 215499
12, 26000, 1.0, 1.0, 207137, 233137
12, 28000, 1.0, 1.0, 223247, 251247
12, 30000, 1.0, 1.0, 238719, 268719
12, 32000, 1.0, 1.0, 254366, 286366
12, 34000, 1.0, 1.0, 269710, 303710
12, 36000, 1.0, 1.0, 285649, 321649
12, 38000, 1.0, 0.9166666666666666, 301788, 339788
12, 40000, 1.0, 1.0, 316762, 356762
12, 42000, 1.0, 1.0, 332300, 374300
12, 44000, 1.0, 1.0, 347558, 391558
12, 46000, 1.0, 1.0, 362479, 408479
12, 48000, 1.0, 0.9166666666666666, 377976, 425976
12, 50000, 1.0, 1.0, 393721, 443721
12, 52000, 1.0, 0.9166666666666666, 409072, 461072
12, 54000, 1.0, 1.0, 424390, 478390
12, 56000, 1.0, 1.0, 439971, 495971
12, 58000, 1.0, 1.0, 454903, 512903
12, 60000, 1.0, 1.0, 468791, 528791
12, 62000, 1.0, 1.0, 482716, 544716
12, 64000, 1.0, 1.0, 496934, 560934
12, 66000, 1.0, 1.0, 510289, 576289
12, 68000, 1.0, 1.0, 523734, 591734
12, 70000, 1.0, 1.0, 537127, 607127
12, 72000, 1.0, 1.0, 551302, 623302
12, 74000, 1.0, 1.0, 565029, 639029
12, 76000, 1.0, 1.0, 578646, 654646
12, 78000, 1.0, 1.0, 591951, 669951
12, 80000, 1.0, 1.0, 604945, 684945
12, 82000, 1.0, 1.0, 617911, 699911
12, 84000, 1.0, 1.0, 630768, 714768
12, 86000, 1.0, 1.0, 643426, 729426
12, 88000, 1.0, 1.0, 656049, 744049
12, 90000, 1.0, 1.0, 668564, 758564
12, 92000, 1.0, 1.0, 681148, 773148
12, 94000, 1.0, 1.0, 693466, 787466
12, 96000, 1.0, 1.0, 705994, 801994
12, 98000, 1.0, 1.0, 718356, 816356
12, 100000, 1.0, 1.0, 730706, 830706
13, 2000, 0.0, 0.0, 18711, 20711
13, 4000, 1.0, 0.5833333333333333, 34366, 38366
13, 6000, 1.0, 0.9166666666666666, 50058, 56058
13, 8000, 1.0, 0.9166666666666666, 65389, 73389
13, 10000, 1.0, 0.8333333333333334, 80868, 90868
13, 12000, 1.0, 1.0, 96203, 108203
13, 14000, 1.0, 0.75, 111422, 125422
13, 16000, 1.0, 0.75, 126833, 142833
13, 18000, 1.0, 1.0, 142005, 160005
13, 20000, 1.0, 1.0, 157531, 177531
13, 22000, 1.0, 1.0, 172848, 194848
13, 24000, 1.0, 1.0, 188378, 212378
13, 26000, 1.0, 1.0, 203979, 229979
13, 28000, 1.0, 1.0, 220087, 248087
13, 30000, 1.0, 1.0, 236058, 266058
13, 32000, 1.0, 1.0, 252277, 284277
13, 34000, 1.0, 1.0, 267880, 301880
13, 36000, 1.0, 1.0, 284096, 320096
13, 38000, 1.0, 1.0, 300545, 338545
13, 40000, 0.6666666666666666, 1.0, 316427, 356427
13, 42000, 1.0, 1.0, 332444, 374444
13, 44000, 1.0, 1.0, 348565, 392565
13, 46000, 1.0, 1.0, 364263, 410263
13, 48000, 1.0, 1.0, 379868, 427868
13, 50000, 1.0, 1.0, 395411, 445411
13, 52000, 1.0, 1.0, 410670, 462670
13, 54000, 1.0, 1.0, 425578, 479578
13, 56000, 1.0, 1.0, 439886, 495886
13, 58000, 0.6666666666666666, 1.0, 454677, 512677
13, 60000, 1.0, 1.0, 469933, 529933
13, 62000, 1.0, 1.0, 485595, 547595
13, 64000, 1.0, 1.0, 501334, 565334
13, 66000, 1.0, 1.0, 517745, 583745
13, 68000, 1.0, 1.0, 534280, 602280
13, 70000, 1.0, 1.0, 551048, 621048
13, 72000, 1.0, 1.0, 566266, 638266
13, 74000, 1.0, 1.0, 582930, 656930
13, 76000, 1.0, 1.0, 596999, 672999
13, 78000, 0.6666666666666666, 1.0, 611743, 689743
13, 80000, 1.0, 1.0, 626064, 706064
13, 82000, 1.0, 1.0, 640928, 722928
13, 84000, 1.0, 0.9166666666666666, 654984, 738984
13, 86000, 1.0, 1.0, 667974, 753974
13, 88000, 1.0, 1.0, 681098, 769098
13, 90000, 1.0, 1.0, 694110, 784110
13, 92000, 1.0, 1.0, 707055, 799055
13, 94000, 1.0, 1.0, 719410, 813410
13, 96000, 1.0, 1.0, 731915, 827915
13, 98000, 1.0, 1.0, 744403, 842403
13, 100000, 1.0, 1.0, 756716, 856716
14, 2000, 0.0, 0.0, 18842, 20842
14, 4000, 1.0, 0.8333333333333334, 34758, 38758
14, 6000, 1.0, 0.8333333333333333, 49910, 55910
14, 8000, 0.6666666666666666, 0.9166666666666666, 65492, 73492
14, 10000, 1.0, 0.8333333333333334, 80677, 90677
14, 12000, 1.0, 0.75, 96833, 108833
14, 14000, 1.0, 1.0, 113350, 127350
14, 16000, 1.0, 1.0, 128337, 144337
14, 18000, 1.0, 1.0, 144685, 162685
14, 20000, 1.0, 1.0, 160105, 180105
14, 22000, 1.0, 1.0, 175016, 197016
14, 24000, 1.0, 1.0, 190492, 214492
14, 26000, 1.0, 1.0, 207361, 233361
14, 28000, 1.0, 1.0, 222939, 250939
14, 30000, 1.0, 1.0, 238940, 268940
14, 32000, 1.0, 1.0, 254991, 286991
14, 34000, 1.0, 1.0, 270764, 304764
14, 36000, 1.0, 1.0, 286954, 322954
14, 38000, 1.0, 1.0, 303529, 341529
14, 40000, 1.0, 1.0, 320033, 360033
14, 42000, 1.0, 1.0, 336075, 378075
14, 44000, 1.0, 1.0, 352640, 396640
14, 46000, 1.0, 1.0, 368213, 414213
14, 48000, 1.0, 1.0, 383262, 431262
14, 50000, 1.0, 1.0, 398231, 448231
14, 52000, 1.0, 1.0, 413217, 465217
14, 54000, 1.0, 1.0, 428091, 482091
14, 56000, 1.0, 1.0, 443098, 499098
14, 58000, 1.0, 1.0, 458280, 516280
14, 60000, 1.0, 1.0, 474276, 534276
14, 62000, 1.0, 0.9166666666666666, 488834, 550834
14, 64000, 1.0, 1.0, 504015, 568015
14, 66000, 1.0, 1.0, 520023, 586023
14, 68000, 1.0, 1.0, 535599, 603599
14, 70000, 1.0, 1.0, 550050, 620050
14, 72000, 1.0, 1.0, 564473, 636473
14, 74000, 1.0, 1.0, 578312, 652312
14, 76000, 1.0, 1.0, 592176, 668176
14, 78000, 1.0, 1.0, 606389, 684389
14, 80000, 1.0, 1.0, 619812, 699812
14, 82000, 1.0, 1.0, 632957, 714957
14, 84000, 1.0, 1.0, 645778, 729778
14, 86000, 1.0, 1.0, 658682, 744682
14, 88000, 1.0, 1.0, 671774, 759774
14, 90000, 1.0, 1.0, 684626, 774626
14, 92000, 1.0, 1.0, 697513, 789513
14, 94000, 1.0, 0.9166666666666666, 710188, 804188
14, 96000, 1.0, 1.0, 722756, 818756
14, 98000, 1.0, 1.0, 735051, 833051
14, 100000, 1.0, 1.0, 747333, 847333
15, 2000, 0.0, 0.0, 18639, 20639
15, 4000, 1.0, 0.75, 34857, 38857
15, 6000, 1.0, 1.0, 50970, 56970
15, 8000, 1.0, 0.8333333333333333, 67181, 75181
15, 10000, 1.0, 0.75, 82817, 92817
15, 12000, 1.0, 1.0, 98997, 110997
15, 14000, 1.0, 1.0, 115164, 129164
15, 16000, 1.0, 1.0, 131148, 147148
15, 18000, 1.0, 1.0, 147685, 165685
15, 20000, 1.0, 1.0, 163072, 183072
15, 22000, 1.0, 1.0, 178144, 200144
15, 24000, 1.0, 1.0, 193479, 217479
15, 26000, 1.0, 1.0, 208897, 234897
15, 28000, 1.0, 1.0, 224236, 252236
15, 30000, 1.0, 1.0, 239769, 269769
15, 32000, 1.0, 0.9166666666666666, 255497, 287497
15, 34000, 1.0, 1.0, 271180, 305180
15, 36000, 1.0, 0.9166666666666666, 286729, 322729
15, 38000, 1.0, 0.9166666666666666, 301991, 339991
15, 40000, 0.6666666666666666, 1.0, 317729, 357729
15, 42000, 1.0, 1.0, 332938, 374938
15, 44000, 1.0, 1.0, 348304, 392304
15, 46000, 1.0, 1.0, 363168, 409168
15, 48000, 1.0, 1.0, 378057, 426057
15, 50000, 1.0, 1.0, 393221, 443221
15, 52000, 1.0, 0.9166666666666666, 407966, 459966
15, 54000, 1.0, 1.0, 424099, 478099
15, 56000, 1.0, 1.0, 438717, 494717
15, 58000, 1.0, 1.0, 453288, 511288
15, 60000, 1.0, 1.0, 467622, 527622
15, 62000, 1.0, 0.8333333333333333, 482876, 544876
15, 64000, 1.0, 0.9166666666666666, 496541, 560541
15, 66000, 1.0, 1.0, 510846, 576846
15, 68000, 1.0, 1.0, 524562, 592562
15, 70000, 1.0, 1.0, 538281, 608281
15, 72000, 1.0, 1.0, 553591, 625591
15, 74000, 1.0, 1.0, 568489, 642489
15, 76000, 1.0, 1.0, 582174, 658174
15, 78000, 1.0, 0.9166666666666666, 596041, 674041
15, 80000, 0.6666666666666666, 1.0, 609208, 689208
15, 82000, 1.0, 1.0, 622717, 704717
15, 84000, 1.0, 1.0, 635834, 719834
15, 86000, 1.0, 1.0, 648844, 734844
15, 88000, 1.0, 1.0, 661602, 749602
15, 90000, 1.0, 1.0, 674247, 764247
15, 92000, 1.0, 1.0, 686928, 778928
15, 94000, 1.0, 1.0, 699582, 793582
15, 96000, 1.0, 1.0, 712252, 808252
15, 98000, 1.0, 1.0, 724606, 822606
15, 100000, 1.0, 1.0, 737175, 837175
16, 2000, 0.0, 0.0, 18738, 20738
16, 4000, 1.0, 0.8333333333333333, 33834, 37834
16, 6000, 0.0, 0.8333333333333333, 49497, 55497
16, 8000, 1.0, 0.8333333333333334, 65615, 73615
16, 10000, 1.0, 0.8333333333333333, 81626, 91626
16, 12000, 1.0, 1.0, 97220, 109220
16, 14000, 1.0, 1.0, 113009, 127009
16, 16000, 1.0, 1.0, 128957, 144957
16, 18000, 1.0, 1.0, 144218, 162218
16, 20000, 1.0, 1.0, 160286, 180286
16, 22000, 1.0, 1.0, 176232, 198232
16, 24000, 1.0, 1.0, 191851, 215851
16, 26000, 1.0, 1.0, 207663, 233663
16, 28000, 1.0, 1.0, 224005, 252005
16, 30000, 1.0, 1.0, 239842, 269842
16, 32000, 1.0, 1.0, 254509, 286509
16, 34000, 1.0, 1.0, 270196, 304196
16, 36000, 1.0, 1.0, 285216, 321216
16, 38000, 1.0, 1.0, 300813, 338813
16, 40000, 1.0, 1.0, 316230, 356230
16, 42000, 1.0, 1.0, 332053, 374053
16, 44000, 1.0, 1.0, 347927, 391927
16, 46000, 1.0, 1.0, 362437, 408437
16, 48000, 1.0, 1.0, 376600, 424600
16, 50000, 1.0, 1.0, 392275, 442275
16, 52000, 1.0, 1.0, 407287, 459287
16, 54000, 1.0, 1.0, 423497, 477497
16, 56000, 1.0, 1.0, 438472, 494472
16, 58000, 1.0, 1.0, 453951, 511951
16, 60000, 1.0, 1.0, 468068, 528068
16, 62000, 1.0, 1.0, 482343, 544343
16, 64000, 1.0, 1.0, 496608, 560608
16, 66000, 1.0, 1.0, 510854, 576854
16, 68000, 1.0, 1.0, 524740, 592740
16, 70000, 1.0, 1.0, 539517, 609517
16, 72000, 1.0, 1.0, 553932, 625932
16, 74000, 1.0, 1.0, 567970, 641970
16, 76000, 1.0, 1.0, 582129, 658129
16, 78000, 1.0, 1.0, 596639, 674639
16, 80000, 1.0, 1.0, 610370, 690370
16, 82000, 1.0, 1.0, 623578, 705578
16, 84000, 1.0, 1.0, 637047, 721047
16, 86000, 1.0, 1.0, 649997, 735997
16, 88000, 1.0, 1.0, 663256, 751256
16, 90000, 1.0, 1.0, 676609, 766609
16, 92000, 1.0, 1.0, 689817, 781817
16, 94000, 1.0, 1.0, 702948, 796948
16, 96000, 1.0, 1.0, 715862, 811862
16, 98000, 1.0, 1.0, 728694, 826694
16, 100000, 1.0, 1.0, 741696, 841696
17, 2000, 0.0, 0.0, 18985, 20985
17, 4000, 0.3333333333333333, 0.75, 35848, 39848
17, 6000, 1.0, 0.9166666666666666, 52194, 58194
17, 8000, 1.0, 0.9166666666666666, 68098, 76098
17, 10000, 1.0, 0.8333333333333334, 83493, 93493
17, 12000, 1.0, 0.9166666666666666, 99506, 111506
17, 14000, 1.0, 1.0, 115420, 129420
17, 16000, 1.0, 0.8333333333333333, 131350, 147350
17, 18000, 1.0, 0.9166666666666666, 146901, 164901
17, 20000, 1.0, 1.0, 162531, 182531
17, 22000, 1.0, 1.0, 178480, 200480
17, 24000, 1.0, 1.0, 194166, 218166
17, 26000, 1.0, 0.75, 210059, 236059
17, 28000, 1.0, 1.0, 225855, 253855
17, 30000, 1.0, 1.0, 241741, 271741
17, 32000, 1.0, 1.0, 256795, 288795
17, 34000, 0.6666666666666666, 1.0, 272589, 306589
17, 36000, 1.0, 0.6666666666666666, 288810, 324810
17, 38000, 1.0, 1.0, 305329, 343329
17, 40000, 1.0, 1.0, 322366, 362366
17, 42000, 0.6666666666666666, 1.0, 338908, 380908
17, 44000, 1.0, 1.0, 354032, 398032
17, 46000, 0.3333333333333333, 0.9166666666666666, 369501, 415501
17, 48000, 1.0, 1.0, 385691, 433691
17, 50000, 1.0, 1.0, 401363, 451363
17, 52000, 1.0, 1.0, 416906, 468906
17, 54000, 1.0, 1.0, 431636, 485636
17, 56000, 1.0, 1.0, 446386, 502386
17, 58000, 1.0, 1.0, 461409, 519409
17, 60000, 1.0, 1.0, 476533, 536533
17, 62000, 1.0, 1.0, 492507, 554507
17, 64000, 1.0, 1.0, 509769, 573769
17, 66000, 1.0, 1.0, 524993, 590993
17, 68000, 1.0, 0.9166666666666666, 541319, 609319
17, 70000, 1.0, 1.0, 558480, 628480
17, 72000, 1.0, 1.0, 576397, 648397
17, 74000, 1.0, 1.0, 591063, 665063
17, 76000, 1.0, 1.0, 605429, 681429
17, 78000, 1.0, 1.0, 619125, 697125
17, 80000, 1.0, 1.0, 632907, 712907
17, 82000, 1.0, 1.0, 648805, 730805
17, 84000, 1.0, 1.0, 661973, 745973
17, 86000, 1.0, 0.9166666666666666, 675133, 761133
17, 88000, 1.0, 1.0, 688796, 776796
17, 90000, 1.0, 1.0, 702255, 792255
17, 92000, 1.0, 1.0, 716026, 808026
17, 94000, 1.0, 1.0, 729434, 823434
17, 96000, 1.0, 1.0, 741955, 837955
17, 98000, 1.0, 1.0, 754306, 852306
17, 100000, 1.0, 1.0, 766899, 866899
18, 2000, 0.0, 0.0, 18765, 20765
18, 4000, 0.3333333333333333, 0.8333333333333333, 35052, 39052
18, 6000, 1.0, 0.49999999999999994, 50454, 56454
18, 8000, 1.0, 1.0, 66159, 74159
18, 10000, 1.0, 1.0, 82227, 92227
18, 12000, 1.0, 1.0, 98144, 110144
18, 14000, 1.0, 0.9166666666666666, 114022, 128022
18, 16000, 1.0, 1.0, 129997, 145997
18, 18000, 1.0, 1.0, 145716, 163716
18, 20000, 1.0, 1.0, 161699, 181699
18, 22000, 1.0, 1.0, 177498, 199498
18, 24000, 1.0, 1.0, 193415, 217415
18, 26000, 1.0, 1.0, 208958, 234958
18, 28000, 1.0, 1.0, 224713, 252713
18, 30000, 1.0, 1.0, 240261, 270261
18, 32000, 1.0, 1.0, 255196, 287196
18, 34000, 1.0, 1.0, 270725, 304725
18, 36000, 1.0, 1.0, 285776, 321776
18, 38000, 1.0, 1.0, 301567, 339567
18, 40000, 1.0, 1.0, 317003, 357003
18, 42000, 1.0, 1.0, 332307, 374307
18, 44000, 1.0, 1.0, 348519, 392519
18, 46000, 1.0, 1.0, 363274, 409274
18, 48000, 1.0, 1.0, 379315, 427315
18, 50000, 1.0, 1.0, 394661, 444661
18, 52000, 1.0, 0.8333333333333333, 410593, 462593
18, 54000, 1.0, 1.0, 426044, 480044
18, 56000, 1.0, 1.0, 442336, 498336
18, 58000, 1.0, 1.0, 457820, 515820
18, 60000, 1.0, 1.0, 475061, 535061
18, 62000, 1.0, 1.0, 491790, 553790
18, 64000, 1.0, 1.0, 507900, 571900
18, 66000, 1.0, 0.9166666666666666, 523277, 589277
18, 68000, 0.3333333333333333, 0.9166666666666666, 537895, 605895
18, 70000, 1.0, 1.0, 552726, 622726
18, 72000, 1.0, 1.0, 566894, 638894
18, 74000, 1.0, 1.0, 580864, 654864
18, 76000, 1.0, 1.0, 594666, 670666
18, 78000, 1.0, 1.0, 609137, 687137
18, 80000, 1.0, 1.0, 623878, 703878
18, 82000, 1.0, 1.0, 637782, 719782
18, 84000, 0.6666666666666666, 1.0, 652035, 736035
18, 86000, 1.0, 1.0, 666206, 752206
18, 88000, 1.0, 1.0, 680025, 768025
18, 90000, 1.0, 0.9166666666666666, 693883, 783883
18, 92000, 1.0, 0.9166666666666666, 707789, 799789
18, 94000, 0.6666666666666666, 1.0, 721367, 815367
18, 96000, 0.6666666666666666, 1.0, 735153, 831153
18, 98000, 1.0, 1.0, 748523, 846523
18, 100000, 1.0, 1.0, 761377, 861377
19, 2000, 0.0, 0.0, 18967, 20967
19, 4000, 1.0, 0.9166666666666666, 34588, 38588
19, 6000, 1.0, 1.0, 50007, 56007
19, 8000, 1.0, 0.9166666666666666, 65735, 73735
19, 10000, 1.0, 1.0, 81111, 91111
19, 12000, 1.0, 0.9166666666666666, 96372, 108372
19, 14000, 1.0, 1.0, 111787, 125787
19, 16000, 1.0, 1.0, 127323, 143323
19, 18000, 1.0, 0.8333333333333334, 143420, 161420
19, 20000, 1.0, 0.9166666666666666, 159486, 179486
19, 22000, 1.0, 0.6666666666666666, 174899, 196899
19, 24000, 1.0, 1.0, 190708, 214708
19, 26000, 1.0, 1.0, 206651, 232651
19, 28000, 1.0, 1.0, 222297, 250297
19, 30000, 1.0, 1.0, 238223, 268223
19, 32000, 1.0, 1.0, 253981, 285981
19, 34000, 1.0, 1.0, 269861, 303861
19, 36000, 1.0, 1.0, 286346, 322346
19, 38000, 1.0, 1.0, 301984, 339984
19, 40000, 1.0, 1.0, 318092, 358092
19, 42000, 1.0, 1.0, 333749, 375749
19, 44000, 0.6666666666666666, 0.9166666666666666, 349593, 393593
19, 46000, 1.0, 1.0, 364613, 410613
19, 48000, 1.0, 1.0, 378920, 426920
19, 50000, 1.0, 1.0, 394381, 444381
19, 52000, 1.0, 1.0, 409310, 461310
19, 54000, 1.0, 1.0, 423360, 477360
19, 56000, 1.0, 1.0, 439566, 495566
19, 58000, 1.0, 1.0, 455715, 513715
19, 60000, 1.0, 1.0, 470893, 530893
19, 62000, 1.0, 0.9166666666666666, 485867, 547867
19, 64000, 1.0, 1.0, 500893, 564893
19, 66000, 1.0, 1.0, 515398, 581398
19, 68000, 1.0, 1.0, 529473, 597473
19, 70000, 1.0, 1.0, 543665, 613665
19, 72000, 1.0, 1.0, 557737, 629737
19, 74000, 1.0, 1.0, 570951, 644951
19, 76000, 1.0, 1.0, 584258, 660258
19, 78000, 1.0, 0.9166666666666666, 597946, 675946
19, 80000, 1.0, 1.0, 611492, 691492
19, 82000, 1.0, 1.0, 625142, 707142
19, 84000, 1.0, 1.0, 638233, 722233
19, 86000, 0.6666666666666666, 1.0, 651104, 737104
19, 88000, 1.0, 1.0, 663766, 751766
19, 90000, 0.6666666666666666, 1.0, 676331, 766331
19, 92000, 1.0, 1.0, 689007, 781007
19, 94000, 1.0, 1.0, 701417, 795417
19, 96000, 0.6666666666666666, 1.0, 713730, 809730
19, 98000, 1.0, 1.0, 725943, 823943
19, 100000, 1.0, 1.0, 738089, 838089
20, 2000, 0.0, 0.0, 18835, 20835
20, 4000, 1.0, 0.8333333333333334, 35256, 39256
20, 6000, 0.0, 0.5, 51351, 57351
20, 8000, 1.0, 1.0, 66950, 74950
20, 10000, 1.0, 1.0, 81881, 91881
20, 12000, 1.0, 1.0, 97002, 109002
20, 14000, 1.0, 1.0, 112083, 126083
20, 16000, 1.0, 1.0, 127464, 143464
20, 18000, 1.0, 0.9166666666666666, 143140, 161140
20, 20000, 1.0, 1.0, 158882, 178882
20, 22000, 1.0, 1.0, 174216, 196216
20, 24000, 0.6666666666666666, 1.0, 190683, 214683
20, 26000, 1.0, 1.0, 205531, 231531
20, 28000, 1.0, 1.0, 221469, 249469
20, 30000, 1.0, 1.0, 237680, 267680
20, 32000, 1.0, 1.0, 253997, 285997
20, 34000, 1.0, 1.0, 270183, 304183
20, 36000, 1.0, 1.0, 285035, 321035
20, 38000, 1.0, 1.0, 300629, 338629
20, 40000, 1.0, 1.0, 316444, 356444
20, 42000, 1.0, 1.0, 331330, 373330
20, 44000, 1.0, 1.0, 346191, 390191
20, 46000, 1.0, 1.0, 361441, 407441
20, 48000, 1.0, 1.0, 377818, 425818
20, 50000, 1.0, 1.0, 392775, 442775
20, 52000, 1.0, 1.0, 407616, 459616
20, 54000, 1.0, 1.0, 422245, 476245
20, 56000, 1.0, 1.0, 436744, 492744
20, 58000, 1.0, 1.0, 451005, 509005
20, 60000, 1.0, 1.0, 465145, 525145
20, 62000, 1.0, 1.0, 479813, 541813
20, 64000, 1.0, 1.0, 493398, 557398
20, 66000, 1.0, 1.0, 508217, 574217
20, 68000, 1.0, 1.0, 522733, 590733
20, 70000, 1.0, 1.0, 539988, 609988
20, 72000, 1.0, 1.0, 554975, 626975
20, 74000, 1.0, 1.0, 569517, 643517
20, 76000, 1.0, 1.0, 583774, 659774
20, 78000, 1.0, 1.0, 597947, 675947
20, 80000, 1.0, 1.0, 611647, 691647
20, 82000, 1.0, 1.0, 625895, 707895
20, 84000, 1.0, 1.0, 639774, 723774
20, 86000, 1.0, 1.0, 653138, 739138
20, 88000, 1.0, 1.0, 666264, 754264
20, 90000, 1.0, 1.0, 679260, 769260
20, 92000, 1.0, 1.0, 692144, 784144
20, 94000, 1.0, 1.0, 704880, 798880
20, 96000, 1.0, 1.0, 717535, 813535
20, 98000, 1.0, 1.0, 730278, 828278
20, 100000, 1.0, 1.0, 742930, 842930
21, 2000, 0.0, 0.0, 18591, 20591
21, 4000, 1.0, 0.8333333333333333, 34782, 38782
21, 6000, 1.0, 1.0, 50351, 56351
21, 8000, 1.0, 0.8333333333333333, 65679, 73679
21, 10000, 1.0, 1.0, 81426, 91426
21, 12000, 1.0, 0.9166666666666666, 97190, 109190
21, 14000, 1.0, 1.0, 113286, 127286
21, 16000, 1.0, 1.0, 128742, 144742
21, 18000, 1.0, 0.9166666666666666, 144367, 162367
21, 20000, 1.0, 1.0, 159593, 179593
21, 22000, 1.0, 1.0, 174544, 196544
21, 24000, 1.0, 1.0, 189305, 213305
21, 26000, 1.0, 1.0, 204599, 230599
21, 28000, 1.0, 1.0, 219724, 247724
21, 30000, 1.0, 1.0, 234762, 264762
21, 32000, 1.0, 1.0, 250272, 282272
21, 34000, 1.0, 1.0, 266406, 300406
21, 36000, 1.0, 1.0, 281717, 317717
21, 38000, 1.0, 1.0, 297263, 335263
21, 40000, 1.0, 1.0, 312301, 352301
21, 42000, 1.0, 1.0, 327712, 369712
21, 44000, 1.0, 1.0, 343294, 387294
21, 46000, 1.0, 1.0, 358417, 404417
21, 48000, 1.0, 1.0, 373598, 421598
21, 50000, 1.0, 1.0, 388827, 438827
21, 52000, 1.0, 1.0, 403828, 455828
21, 54000, 1.0, 0.9166666666666666, 418071, 472071
21, 56000, 1.0, 1.0, 433506, 489506
21, 58000, 1.0, 1.0, 449781, 507781
21, 60000, 1.0, 0.9166666666666666, 464573, 524573
21, 62000, 1.0, 1.0, 478953, 540953
21, 64000, 1.0, 1.0, 494530, 558530
21, 66000, 1.0, 0.9166666666666666, 508542, 574542
21, 68000, 1.0, 1.0, 523235, 591235
21, 70000, 1.0, 1.0, 538042, 608042
21, 72000, 1.0, 1.0, 551641, 623641
21, 74000, 1.0, 1.0, 565306, 639306
21, 76000, 1.0, 1.0, 579066, 655066
21, 78000, 1.0, 1.0, 593175, 671175
21, 80000, 1.0, 1.0, 606417, 686417
21, 82000, 1.0, 1.0, 619578, 701578
21, 84000, 1.0, 1.0, 633387, 717387
21, 86000, 1.0, 1.0, 646771, 732771
21, 88000, 1.0, 1.0, 659995, 747995
21, 90000, 1.0, 1.0, 673193, 763193
21, 92000, 1.0, 1.0, 686334, 778334
21, 94000, 1.0, 1.0, 699394, 793394
21, 96000, 1.0, 1.0, 712298, 808298
21, 98000, 1.0, 0.9166666666666666, 725345, 823345
21, 100000, 1.0, 1.0, 738027, 838027
22, 2000, 0.0, 0.0, 18872, 20872
22, 4000, 1.0, 1.0, 34956, 38956
22, 6000, 1.0, 0.9166666666666666, 50449, 56449
22, 8000, 1.0, 1.0, 66205, 74205
22, 10000, 1.0, 1.0, 81974, 91974
22, 12000, 1.0, 1.0, 97671, 109671
22, 14000, 1.0, 1.0, 113037, 127037
22, 16000, 1.0, 1.0, 128470, 144470
22, 18000, 1.0, 1.0, 144659, 162659
22, 20000, 1.0, 0.9166666666666666, 160738, 180738
22, 22000, 1.0, 1.0, 176742, 198742
22, 24000, 1.0, 1.0, 192967, 216967
22, 26000, 1.0, 1.0, 208285, 234285
22, 28000, 1.0, 1.0, 223464, 251464
22, 30000, 1.0, 1.0, 238572, 268572
22, 32000, 1.0, 1.0, 253608, 285608
22, 34000, 1.0, 1.0, 268973, 302973
22, 36000, 1.0, 1.0, 284253, 320253
22, 38000, 1.0, 1.0, 299303, 337303
22, 40000, 1.0, 1.0, 314521, 354521
22, 42000, 1.0, 1.0, 329111, 371111
22, 44000, 1.0, 1.0, 343520, 387520
22, 46000, 1.0, 1.0, 358884, 404884
22, 48000, 1.0, 1.0, 373401, 421401
22, 50000, 1.0, 1.0, 388475, 438475
22, 52000, 1.0, 1.0, 403275, 455275
22, 54000, 1.0, 1.0, 418938, 472938
22, 56000, 1.0, 1.0, 434370, 490370
22, 58000, 1.0, 1.0, 448683, 506683
22, 60000, 1.0, 1.0, 462757, 522757
22, 62000, 1.0, 1.0, 476709, 538709
22, 64000, 1.0, 1.0, 490660, 554660
22, 66000, 1.0, 1.0, 504606, 570606
22, 68000, 1.0, 1.0, 518753, 586753
22, 70000, 1.0, 1.0, 532317, 602317
22, 72000, 1.0, 1.0, 546588, 618588
22, 74000, 1.0, 1.0, 560242, 634242
22, 76000, 1.0, 1.0, 574666, 650666
22, 78000, 1.0, 1.0, 588962, 666962
22, 80000, 1.0, 1.0, 602355, 682355
22, 82000, 1.0, 1.0, 615915, 697915
22, 84000, 1.0, 1.0, 629663, 713663
22, 86000, 1.0, 1.0, 643357, 729357
22, 88000, 1.0, 1.0, 656787, 744787
22, 90000, 1.0, 1.0, 671241, 761241
22, 92000, 1.0, 1.0, 685328, 777328
22, 94000, 1.0, 1.0, 700179, 794179
22, 96000, 1.0, 1.0, 713734, 809734
22, 98000, 1.0, 1.0, 726975, 824975
22, 100000, 1.0, 1.0, 741613, 841613
23, 2000, 0.0, 0.0, 18651, 20651
23, 4000, 1.0, 0.5833333333333333, 34591, 38591
23, 6000, 1.0, 0.8333333333333333, 49885, 55885
23, 8000, 1.0, 0.9166666666666666, 65136, 73136
23, 10000, 1.0, 1.0, 80158, 90158
23, 12000, 1.0, 1.0, 95760, 107760
23, 14000, 1.0, 1.0, 110980, 124980
23, 16000, 1.0, 0.8333333333333333, 126147, 142147
23, 18000, 1.0, 0.9166666666666666, 140943, 158943
23, 20000, 1.0, 1.0, 155879, 175879
23, 22000, 1.0, 1.0, 171171, 193171
23, 24000, 1.0, 1.0, 185919, 209919
23, 26000, 1.0, 1.0, 200426, 226426
23, 28000, 1.0, 1.0, 215731, 243731
23, 30000, 1.0, 1.0, 230748, 260748
23, 32000, 1.0, 1.0, 245888, 277888
23, 34000, 1.0, 1.0, 261939, 295939
23, 36000, 1.0, 0.9166666666666666, 277327, 313327
23, 38000, 1.0, 1.0, 292452, 330452
23, 40000, 1.0, 1.0, 306894, 346894
23, 42000, 1.0, 0.9166666666666666, 321231, 363231
23, 44000, 1.0, 1.0, 335315, 379315
23, 46000, 1.0, 1.0, 349999, 395999
23, 48000, 1.0, 1.0, 364710, 412710
23, 50000, 1.0, 1.0, 379714, 429714
23, 52000, 1.0, 1.0, 394239, 446239
23, 54000, 1.0, 1.0, 408693, 462693
23, 56000, 1.0, 1.0, 422650, 478650
23, 58000, 1.0, 1.0, 439016, 497016
23, 60000, 1.0, 1.0, 455761, 515761
23, 62000, 1.0, 1.0, 469841, 531841
23, 64000, 1.0, 1.0, 483981, 547981
23, 66000, 1.0, 1.0, 499242, 565242
23, 68000, 1.0, 1.0, 512581, 580581
23, 70000, 1.0, 0.9166666666666666, 525767, 595767
23, 72000, 1.0, 1.0, 538994, 610994
23, 74000, 1.0, 1.0, 552827, 626827
23, 76000, 1.0, 1.0, 567542, 643542
23, 78000, 1.0, 1.0, 583231, 661231
23, 80000, 1.0, 1.0, 596479, 676479
23, 82000, 1.0, 1.0, 610536, 692536
23, 84000, 1.0, 1.0, 625272, 709272
23, 86000, 1.0, 0.9166666666666666, 639969, 725969
23, 88000, 1.0, 0.9166666666666666, 654684, 742684
23, 90000, 1.0, 1.0, 669510, 759510
23, 92000, 1.0, 1.0, 683869, 775869
23, 94000, 1.0, 1.0, 698563, 792563
23, 96000, 1.0, 1.0, 711990, 807990
23, 98000, 1.0, 1.0, 726318, 824318
23, 100000, 1.0, 0.9166666666666666, 740871, 840871
24, 2000, 0.0, 0.0, 18881, 20881
24, 4000, 0.0, 0.5, 36262, 40262
24, 6000, 1.0, 0.41666666666666663, 53554, 59554
24, 8000, 1.0, 1.0, 69723, 77723
24, 10000, 1.0, 0.75, 85297, 95297
24, 12000, 1.0, 0.9166666666666666, 100997, 112997
24, 14000, 1.0, 1.0, 116919, 130919
24, 16000, 1.0, 0.5833333333333333, 131977, 147977
24, 18000, 1.0, 1.0, 147077, 165077
24, 20000, 1.0, 1.0, 162007, 182007
24, 22000, 1.0, 1.0, 177197, 199197
24, 24000, 0.6666666666666666, 1.0, 191758, 215758
24, 26000, 1.0, 1.0, 207199, 233199
24, 28000, 1.0, 1.0, 222238, 250238
24, 30000, 1.0, 1.0, 237119, 267119
24, 32000, 1.0, 1.0, 252687, 284687
24, 34000, 1.0, 1.0, 268230, 302230
24, 36000, 1.0, 0.9166666666666666, 282905, 318905
24, 38000, 1.0, 1.0, 297988, 335988
24, 40000, 1.0, 1.0, 312772, 352772
24, 42000, 1.0, 0.9166666666666666, 327614, 369614
24, 44000, 1.0, 1.0, 342482, 386482
24, 46000, 1.0, 1.0, 356731, 402731
24, 48000, 1.0, 1.0, 371536, 419536
24, 50000, 1.0, 1.0, 385683, 435683
24, 52000, 1.0, 1.0, 401065, 453065
24, 54000, 1.0, 1.0, 415779, 469779
24, 56000, 1.0, 0.9166666666666666, 430313, 486313
24, 58000, 1.0, 0.9166666666666666, 445069, 503069
24, 60000, 1.0, 1.0, 459342, 519342
24, 62000, 1.0, 1.0, 473244, 535244
24, 64000, 1.0, 1.0, 487295, 551295
24, 66000, 1.0, 0.9166666666666666, 501566, 567566
24, 68000, 1.0, 0.9166666666666666, 516071, 584071
24, 70000, 1.0, 0.9166666666666666, 530711, 600711
24, 72000, 1.0, 1.0, 544305, 616305
24, 74000, 1.0, 1.0, 558180, 632180
24, 76000, 1.0, 1.0, 572284, 648284
24, 78000, 1.0, 1.0, 585785, 663785
24, 80000, 1.0, 1.0, 599361, 679361
24, 82000, 1.0, 0.9166666666666666, 612946, 694946
24, 84000, 1.0, 1.0, 627042, 711042
24, 86000, 1.0, 1.0, 641740, 727740
24, 88000, 1.0, 0.9166666666666666, 655687, 743687
24, 90000, 1.0, 1.0, 671307, 761307
24, 92000, 1.0, 1.0, 684681, 776681
24, 94000, 1.0, 0.9166666666666666, 697155, 791155
24, 96000, 1.0, 1.0, 713945, 809945
24, 98000, 1.0, 1.0, 726621, 824621
24, 100000, 1.0, 0.9166666666666666, 739197, 839197
